ticker,days,total_return,cagr,ann_return,ann_volatility,sharpe,sortino,max_drawdown,hit_rate,calmar
NVDA,2624.0,278.9410308883611,0.7179397016033819,0.6624953092674827,0.4936986283990299,1.3419022682234871,1.987592514401694,-0.6633509825301848,0.5445884146341463,1.0822923618277949
AMD,2624.0,206.7256608124358,0.6694131900712319,0.6869090881981418,0.5973086906694095,1.1500068539574004,1.8432864084515614,-0.6544994295506879,0.5148628048780488,1.0227865141621013
FIX,2624.0,59.73171278206996,0.4834507679555067,0.4860026805754928,0.427152290084565,1.1377737913550152,1.5483926419433633,-0.4968207765925706,0.5247713414634146,0.9730888697353567
PWR,2624.0,29.556797055216343,0.38875195996362333,0.3866569672461159,0.34141569271893585,1.1325108232925432,1.615326772103511,-0.4553339002487382,0.5339176829268293,0.85377337323502
LLY,2624.0,19.190131807868905,0.33456923096240354,0.3337333042093278,0.3011643382392223,1.1081435011878304,1.6006146994985315,-0.3447501522070594,0.5392530487804879,0.9704686968824277
MU,2624.0,90.83566250080251,0.5435507331594058,0.5668754231424834,0.5156173074812168,1.0994111619558735,1.660234418377866,-0.5762897407028245,0.5240091463414634,0.94319002190896
AVGO,2624.0,32.09445971661817,0.3994329947702491,0.41351823303702306,0.3933724088958117,1.0512131092207517,1.4632318935829356,-0.4829996986675925,0.536204268292683,0.826983941961307
LRCX,2624.0,46.434843907468824,0.4486606993211213,0.4746920204589012,0.4561822530730844,1.0405753780668259,1.4935406695585731,-0.5639314370272932,0.5350609756097561,0.7955944107074261
AAPL,2624.0,12.610400657058443,0.2849703019715699,0.29254913581503617,0.2889672806358721,1.0123953659088396,1.3840091734667899,-0.3851593422784376,0.536204268292683,0.739876385409238
STX,2624.0,37.08011497569717,0.41842005305660224,0.44875618108783183,0.4442067450296649,1.0102417086392128,1.3392794592483346,-0.5699183277695817,0.5426829268292683,0.7341754645689683
TT,2624.0,10.888332483997928,0.2683845525454782,0.27516901291250867,0.27323892019027535,1.0070637547567869,1.373299838361681,-0.4052555579612849,0.5384908536585366,0.6622600166068979
APH,2624.0,11.185634114179978,0.2713968965752631,0.27988157553142123,0.28063928413309475,0.9973000622346436,1.2496531252452252,-0.375577805907391,0.5476371951219512,0.7226116461263514
KLAC,2624.0,31.16961748547299,0.39562890815712515,0.42390054105932895,0.4250790546382198,0.9972275425805353,1.350842232905321,-0.43591522703528807,0.5480182926829268,0.9075822169549914
EME,2624.0,16.753141962646197,0.3181842761166491,0.33261507079021857,0.3341586182739745,0.9953807940321016,1.2805330545005422,-0.4800106666899635,0.5411585365853658,0.6628691781179995
FTNT,2624.0,26.41636241566043,0.3743633141356226,0.4009802056508845,0.40570735710503875,0.9883483713781155,1.2473540957787659,-0.3831589286155521,0.5464939024390244,0.9770444746995451
COST,2624.0,6.269561245523138,0.20986330762645622,0.2145122629369868,0.2185024587351567,0.9817384398268656,1.2902191847579039,-0.3140243232844059,0.540015243902439,0.6683027143613554
CAT,2624.0,13.506518206511748,0.29286316521079714,0.3055390947564685,0.3116187385079274,0.9804901214202684,1.3850271614546905,-0.4335885862538319,0.5289634146341463,0.6754402087497499
CTAS,2624.0,9.343104456217137,0.251536756024183,0.25984033527306627,0.26552365496195246,0.9785958065028122,1.2434081993388897,-0.4837967422842925,0.555640243902439,0.5199223848356817
PGR,2624.0,7.856145459541013,0.23302008342493852,0.23989312980654,0.24599629310411103,0.9751900192455826,1.2932847618039653,-0.30351214849812314,0.5354420731707317,0.7677454908411334
RSG,2624.0,4.565481688124108,0.1792219085635982,0.18312326756295572,0.19030941372604862,0.9622396705323396,1.2011465303610547,-0.34023708540901854,0.5457317073170732,0.526755948276906
MSFT,2624.0,9.548438837444154,0.25390172506663644,0.26405001108750503,0.27493362574448443,0.960413664834529,1.3277212279707165,-0.37148482235859837,0.5373475609756098,0.6834780582813215
AMAT,2624.0,27.431489643520134,0.37917047346459287,0.41832805988735045,0.4391820430574607,0.9525163118579923,1.3354797973087789,-0.5513920777396202,0.5331554878048781,0.6876603577965184
AJG,2624.0,6.403201963825285,0.21198177539474683,0.21941670210508468,0.23192620883041992,0.9460625567570852,1.1680927400805554,-0.44404161656931485,0.5560213414634146,0.4773916846635399
CDNS,2624.0,13.100269764621595,0.2893412502210544,0.3112397383119725,0.33826426708451,0.9201082366592808,1.2868118192533198,-0.3211696829091163,0.5415396341463414,0.9008983899110159
MSI,2624.0,6.816442452549257,0.21832048907225832,0.22891714242705563,0.2504607961833011,0.9139839284848452,1.1993887166605837,-0.32808706682962585,0.5426829268292683,0.6654346091174365
AXON,2624.0,30.777548483707285,0.39398632406514134,0.45306943454809456,0.49585757855846674,0.9137088029696677,1.3118895675779947,-0.602810643216398,0.538109756097561,0.6535822293431329
GRMN,2624.0,8.786232403930311,0.24490248097699818,0.2593437544611257,0.2857553573265526,0.9075726764581897,1.3078116845203216,-0.5463192205795878,0.5369664634146342,0.4482772557721512
JBL,2624.0,15.10831364133756,0.30593321481602165,0.3370121255213088,0.3736874874929991,0.9018555258091766,1.1963182908003256,-0.5734031640224149,0.5369664634146342,0.5335394605601835
TPL,2624.0,24.793985983273853,0.36633569113018605,0.421088949136441,0.46697147162141317,0.9017444848918515,1.2621225073775053,-0.6492377393011604,0.5304878048780488,0.5642550778463832
MS,2624.0,10.288394339463661,0.26209253931781995,0.2820265734476826,0.31410472767559894,0.8978743348904766,1.255306278428444,-0.5132582598949369,0.5282012195121951,0.5106445620017296
GOOG,2624.0,8.57273437256208,0.24226814334659497,0.25916025712198076,0.2903983341807661,0.8924302470711133,1.22879430134723,-0.4460185311440795,0.5396341463414634,0.5431795462066439
CIEN,2624.0,21.911852318430878,0.3508761606911357,0.40196836814934594,0.4511269850942058,0.8910315308790621,1.2375981699090206,-0.4953608167856901,0.5255335365853658,0.708324414853621
PH,2624.0,9.97981563591143,0.2587375706041297,0.2794490351047884,0.31368866970978887,0.8908483540808873,1.1979193696231343,-0.546822855371341,0.5285823170731707,0.47316524549513217
URI,2624.0,18.64307941886246,0.33105325410762987,0.3745844958129061,0.42175506568655513,0.8881564829651487,1.3209547646579358,-0.6325765494376769,0.5282012195121951,0.5233410160429067
GOOGL,2624.0,8.388278460288102,0.23994903462559347,0.25761631457269296,0.2914923698430706,0.8837840754163983,1.220806366128463,-0.4432004767860621,0.5346798780487805,0.5414006689830787
MPWR,2624.0,22.99765419917482,0.3568964239866679,0.4168004658753759,0.4722529336509557,0.8825788813065055,1.2317029942756204,-0.51646627475707,0.5461128048780488,0.69103529393965
JPM,2624.0,6.919642331547985,0.2198561330576485,0.23551649605252817,0.27124976183163213,0.8682643422880348,1.1676842034738306,-0.43626520598919927,0.5266768292682927,0.5039506475405044
CASY,2624.0,7.442513925852028,0.22736910384258513,0.24425158596274182,0.2817733015822818,0.8668372219481445,1.257936236410327,-0.3340880702161987,0.5228658536585366,0.6805663659149744
MRVL,2624.0,26.326068891625116,0.3739279703172549,0.45522797718627656,0.5277757787212534,0.8625404869644593,1.2795638501209152,-0.6187946522707396,0.5175304878048781,0.6042844244776232
WM,2624.0,3.7019406279538547,0.16028105464403097,0.16767050335816464,0.19453848618657804,0.8618885992428005,1.1058554530587332,-0.30066612915430246,0.5483993902439024,0.533086500614023
TKO,2624.0,11.987717117137867,0.2792042387162974,0.3127521340443208,0.3633043064856737,0.8608544640432267,1.129978690541383,-0.6907341799758477,0.5201981707317073,0.4042137291165468
TER,2624.0,19.47326614529781,0.33635528318623864,0.39750485209596337,0.46319737104031394,0.8581759676295032,1.1692327246524752,-0.591160694321014,0.5373475609756098,0.5689743692661506
WMT,2624.0,4.5257315850796225,0.17841043600909634,0.18841466578605318,0.22016149143692182,0.855802095799463,1.135815082201589,-0.25739676912699183,0.5358231707317073,0.6931339372060027
DE,2624.0,7.951646193959508,0.2342908370628798,0.2565704841173662,0.3034838101504447,0.8454173683603672,1.186901727551829,-0.37912928743689367,0.5247713414634146,0.6179708211064482
MSCI,2624.0,8.26919620989402,0.23842987143205807,0.26213433362577115,0.3102211230103301,0.8449918918546443,1.1172522005918597,-0.43744846075179966,0.5396341463414634,0.5450467719609576
TDY,2624.0,6.417222454110259,0.21220201982896203,0.23068539155953594,0.2746365292134898,0.8399661626229326,1.0638304478395242,-0.48946862426484383,0.5453506097560976,0.43353548993600627
ETN,2624.0,7.771624761675637,0.2318850571597748,0.25467266933066746,0.30366544012576424,0.8386620131194178,1.1063643390992914,-0.44553548678199284,0.5354420731707317,0.5204637207119702
TRGP,2624.0,16.61437658869037,0.31719125622547617,0.39904317057159044,0.4764521973053215,0.8375303395145736,0.9374307499499377,-0.9077687627223441,0.5407774390243902,0.3494185625800106
MA,2624.0,6.033807707877916,0.20603880564110133,0.2227500292146348,0.2661206428367461,0.8370264961041848,1.102525048402031,-0.4099721917035869,0.5487804878048781,0.502567759010516
IBKR,2624.0,9.115309819407322,0.24886291579914954,0.27770142183130436,0.3330227566161414,0.8338812177673398,1.2125429575344135,-0.5508509652039966,0.5274390243902439,0.45177903193287167
GS,2624.0,7.1842682554812125,0.22371270163425327,0.246403167855972,0.2984390844244524,0.8256397392826982,1.1590775588044337,-0.48748787923086845,0.5232469512195121,0.4589092594203878
MPC,2624.0,12.52571680668235,0.28420031400359025,0.3317498718252119,0.40211665835117544,0.8250090239621184,1.0870624877854957,-0.7966946426395956,0.5384908536585366,0.35672426898966264
CMI,2624.0,6.536299907971474,0.21405755462581855,0.2343476770820609,0.2845557908808415,0.8235561692722487,1.168635988040628,-0.44050723073685893,0.5278201219512195,0.48593425871296947
STLD,2624.0,11.768689789725254,0.27711650332856186,0.3211156784417534,0.3911909220700173,0.8208668972749796,1.2119331713349668,-0.6845527766452657,0.5236280487804879,0.40481393514551944
TSLA,2624.0,24.23125997254993,0.3634443875179838,0.4817127897350548,0.5869376444657761,0.8207222594718802,1.2139944558051143,-0.7363221744219122,0.5175304878048781,0.4935942446705814
ODFL,2624.0,8.43092267686075,0.24048882452566822,0.27001407144171397,0.32979770335822967,0.8187263546478427,1.1527748027915503,-0.45178429353738536,0.5377286585365854,0.5323089535554375
AMZN,2624.0,8.307425906948673,0.2389194909066088,0.2677338428569,0.3275219898332574,0.817453029621627,1.182311315749217,-0.5614526325328255,0.5346798780487805,0.42553810786992846
APO,2624.0,10.789628330697363,0.26736938566384216,0.3077090436895583,0.3767375665988238,0.816772923569972,1.1081179482739563,-0.5347944951982246,0.5392530487804879,0.4999479016042231
CSX,2624.0,6.0087747510104865,0.20562592999419205,0.224903880950821,0.2761960534218629,0.8142907118491733,1.1665206740324088,-0.40553002166361896,0.5201981707317073,0.5070547653923281
LIN,2624.0,4.181340465450999,0.17115016161332708,0.18378671654066658,0.2270635056582058,0.8094066724104801,1.1335191811660101,-0.32585030203995813,0.5255335365853658,0.5252416847302459
WRB,2624.0,4.673980321260583,0.18141046211586187,0.19651244261938106,0.24346337127363357,0.807154035497671,1.0300882569894594,-0.45345686899850424,0.5403963414634146,0.40006111830772656
FICO,2624.0,10.587430063108027,0.26526557037827825,0.3087185900019332,0.38378076547102125,0.8044139200750127,1.0355716177711034,-0.6128399794636572,0.5430640243902439,0.43284638611604986
CPRT,2624.0,5.8505865204071,0.20298563096695754,0.22347022935061336,0.2778187843925927,0.8043740808930399,1.081417330924298,-0.5744047617269228,0.5358231707317073,0.35338431101561574
V,2624.0,4.608838423046675,0.18010105602240523,0.1950148714211518,0.2425052984134421,0.8041674664306719,1.061317086622978,-0.36364901330189336,0.5491615853658537,0.4952606756363981
GLW,2624.0,9.361945318034428,0.2517555185219764,0.28915102119141695,0.3598969428842764,0.8034272780260665,1.0771404832194993,-0.5148421844135846,0.5255335365853658,0.48899551385582535
GWW,2624.0,5.993737246673313,0.20537727082710777,0.2265114955494576,0.2822414080449755,0.8025452293426865,1.1262402373964076,-0.41595512627609577,0.5259146341463414,0.4937486229963803
AME,2624.0,4.411454498232389,0.17604779944987636,0.19207039034611378,0.2437024685707818,0.7881347754601353,1.003746973411015,-0.42719462700048494,0.53125,0.41210209193402736
TDG,2624.0,7.648728153795242,0.2302169158715519,0.2637996638212064,0.3357259761915984,0.7857588704147702,0.9889108874647092,-0.6264192085392322,0.5514481707317073,0.3675125422932071
IRM,2624.0,6.029172782771231,0.20596246081610925,0.23117279766172427,0.2954491798157353,0.7824452171635787,1.0104811783064929,-0.39025444177543256,0.5453506097560976,0.5277645524778626
NTAP,2624.0,8.503684831958838,0.24140477340041766,0.2804617755974785,0.35868257993761354,0.7819219312135534,1.0575586417894063,-0.580778735117177,0.5304878048780488,0.4156570459689992
FLEX,2624.0,12.153157623463079,0.28076019761798343,0.34578236606907176,0.44224297363392295,0.781883233164268,1.047144424318032,-0.700153011819211,0.506859756097561,0.40099834304573345
NDAQ,2624.0,4.305529465829695,0.1738172099090305,0.18995943477647784,0.24322467564226027,0.7810039597128459,1.0042066894753368,-0.3831091615441937,0.5384908536585366,0.4537015225854361
PKG,2624.0,5.251294153980571,0.1924556471288077,0.21328204900193728,0.2731716673323572,0.7807619695143766,1.1150460791168388,-0.381762230406245,0.5266768292682927,0.5041243784750777
ADI,2624.0,7.166231484640619,0.22345344606329465,0.2551197343543077,0.32689025031987423,0.7804446113172957,1.0990132952140763,-0.336199443614003,0.5297256097560976,0.6646454963198744
WMB,2624.0,6.729232077917183,0.21700841779304092,0.2470677371282125,0.31702650976864516,0.779328319604925,1.0220249250776436,-0.680839997380275,0.5236280487804879,0.31873629432472
SNPS,2624.0,7.741652228166162,0.2314801812129179,0.27060697246896054,0.3473785024428572,0.778997464051405,0.9434652034904584,-0.42305725473342903,0.5434451219512195,0.5471604106133932
NRG,2624.0,10.056187851419065,0.2595757765884803,0.3094566196026302,0.39774142364772225,0.7780346758066481,1.070840606279716,-0.4876467318905674,0.5339176829268293,0.5323029144112702
WDC,2624.0,14.083631294366736,0.2977160716944265,0.388436746569323,0.5040963715197923,0.770560489055359,1.0632611410564872,-0.7049293695592065,0.5232469512195121,0.4223346118783345
KKR,2624.0,8.32404949302449,0.23913182737475203,0.281342034969659,0.3657478569762236,0.7692240148599104,1.0722502964678615,-0.49416215982535416,0.5297256097560976,0.4839136761488689
FAST,2624.0,4.672529894560172,0.1813814555933111,0.20180258963523684,0.26557086782625017,0.7598822539800046,1.0904398380326614,-0.30706010381579063,0.5221036585365854,0.5907034269164587
CSCO,2624.0,4.485022104106211,0.17757389047429029,0.1975285681331568,0.26021328263987414,0.7591025566766679,0.94277580487518,-0.41951120992165514,0.5342987804878049,0.4232875934529919
MCO,2624.0,4.926087144911741,0.18635319232415748,0.20941461312298348,0.2772222800104019,0.7554032566037834,0.9532234870615537,-0.420171896527464,0.546875,0.443516555638977
SPGI,2624.0,4.408838364620205,0.1759931856356436,0.19634973542883835,0.2609431420319636,0.7524617581434158,0.9531054742438346,-0.3976037756870795,0.5457317073170732,0.44263459352597556
AMP,2624.0,6.657069086750427,0.21591257522013163,0.2521574884411364,0.33618235076330166,0.7500616491871542,0.9635910915084124,-0.5388380468461174,0.5354420731707317,0.40070031521325084
PCAR,2624.0,4.409166450758839,0.1760000359971048,0.1965551762589657,0.26267148671674895,0.7482927770950657,1.119891381041178,-0.3784450251457888,0.5175304878048781,0.4650610374103982
BNY,2624.0,4.552999526669352,0.17896765916530355,0.2009369878286599,0.26882299095830714,0.7474695044213093,0.9656236291334266,-0.504909764638317,0.5426829268292683,0.354454739637495
BX,2624.0,7.236509773699764,0.22446070301024035,0.2663920466789444,0.35724188022588343,0.7456909769663768,1.0345685864707264,-0.492860891921195,0.5198170731707317,0.45542404903599054
ALL,2624.0,3.962097358379566,0.16629742869700403,0.18504934979327745,0.2486820745494167,0.7441201788611647,0.9213325310081167,-0.41393998725813386,0.5415396341463414,0.40174284634477847
RJF,2624.0,5.634583240850902,0.19928990076641195,0.2294012460852726,0.30895214101836377,0.742513857742249,1.0071905042880995,-0.4558563397991595,0.5339176829268293,0.4371769861843202
NSC,2624.0,4.6728927938920215,0.18138871370550658,0.20460832102891569,0.27559351685370004,0.7424279183516965,1.040287120467253,-0.4441886244584029,0.5339176829268293,0.40835965560053
BRO,2624.0,3.6795147310429597,0.15974844301884938,0.1767696482893513,0.23817679920420048,0.7421782847026931,0.9248656631638054,-0.5584661177156207,0.5423018292682927,0.28604858549394696
CBOE,2624.0,4.141205156837785,0.1702758643568827,0.19044323257264142,0.25668726641758666,0.7419270742586139,0.9707762234904049,-0.4322979900300734,0.5320121951219512,0.39388539452852234
IDXX,2624.0,6.051543205374503,0.20633051908135358,0.2405337371282068,0.32758275648403606,0.7342686156923179,1.0937791795843057,-0.5400135879670382,0.5449695121951219,0.38208393951366226
MRSH,2624.0,2.940760261228314,0.14076836983232988,0.15373196535648456,0.20947100975682767,0.7339056871638235,0.9267513264075083,-0.35797393182807646,0.5514481707317073,0.3932363709096462
BRK.B,2624.0,2.5843312859124365,0.13042945444025955,0.14115855847144343,0.19245304621722817,0.7334701177559594,0.973637137461003,-0.2956993612851109,0.5289634146341463,0.44108804927211376
PHM,2624.0,7.022548426975392,0.22136949812872864,0.2658788349555949,0.36295842974722187,0.7325324697397524,1.0277569459955986,-0.6211059456118365,0.5247713414634146,0.35641181620095885
HUBB,2624.0,4.81673543286333,0.18423308424008722,0.21061453516578763,0.28760283570225903,0.7323103565773824,0.9738646960440924,-0.41625822769216847,0.5342987804878049,0.44259325578143616
WSM,2624.0,9.402697174028335,0.252227463718548,0.3201032996870657,0.4384548619626069,0.7300712740513877,1.0716413287218756,-0.5971327012466839,0.5186737804878049,0.4223976734014928
AXP,2624.0,5.532030272977507,0.19749703000288577,0.22916887815256934,0.3144499489589837,0.7287928616660763,0.9988545186552247,-0.49638487125424013,0.5266768292682927,0.39787076810753774
COHR,2624.0,12.883676747401577,0.28742586575340634,0.41894135680987626,0.5756139973325383,0.7278164859633347,1.0065485278001638,-0.7222333868366518,0.522484756097561,0.3979681235899632
AFL,2624.0,3.9078800330186807,0.165067518982017,0.18508877155675615,0.2543823948085156,0.7276005546534787,0.8774452140022336,-0.5489019106471191,0.5522103658536586,0.3007231634289873
LYV,2624.0,7.236199146181006,0.22445626809142305,0.2741397095369637,0.37848794707029837,0.7243023500720526,0.9682410028854026,-0.6122502722133406,0.5221036585365854,0.36660868647717076
JCI,2624.0,4.451576188712952,0.17688239473398482,0.20192240136160244,0.2787854544141125,0.7242931729919581,0.955826171861305,-0.4635737121056518,0.5396341463414634,0.38156260830784994
TXN,2624.0,5.364820671817256,0.1945184974797447,0.22658916281662816,0.31308031122294244,0.7237413363093136,1.0232825759073385,-0.33411978584349056,0.5301067073170732,0.5821819171489044
UNP,2624.0,3.8073276292960134,0.16275363247151842,0.18267738892481494,0.2524189599492175,0.723707081914792,1.0172248866258973,-0.38719335317129877,0.5240091463414634,0.42034201036378416
DECK,2624.0,8.444818998855785,0.2406642473866838,0.30522257066820085,0.4226150723156627,0.7222235804221906,0.9895522235806071,-0.6434942373809619,0.5293445121951219,0.3739959636098584
TMUS,2624.0,4.043981499423293,0.16813211983770482,0.19014903712297201,0.26349825008859545,0.7216330167621176,0.9894265897771614,-0.37132495416630273,0.5259146341463414,0.4527897141068646
MCK,2624.0,4.628085712518802,0.18048936720805298,0.20819149402547008,0.28961225675419666,0.7188628560087807,0.9306581118114469,-0.44228529982455755,0.5358231707317073,0.40808357700255504
ORLY,2624.0,3.983217977647022,0.16677326036741857,0.18973584918657385,0.2649039814897834,0.7162438560550342,0.9010965243936316,-0.4200360004693222,0.5377286585365854,0.39704515846517074
DGX,2624.0,3.367858757669177,0.15209743239233275,0.16970738322294548,0.23707365758433965,0.7158424303744991,0.9668588222954501,-0.36600971722611053,0.5236280487804879,0.4155557222497763
JNJ,2624.0,2.304403892372781,0.1216359774457485,0.1319411355206677,0.18493246278240658,0.7134557856178608,0.9374611105599888,-0.27366238205373417,0.522484756097561,0.4444745987114335
TTWO,2624.0,5.760979470764475,0.20146545816380734,0.24127432545735517,0.3392858921000649,0.7111239549748113,0.9619736768880561,-0.5614043250163612,0.5270579268292683,0.3588598255952801
VRTX,2624.0,5.566115918581774,0.19809573428575145,0.23597017053768535,0.3321583392048623,0.7104147109555126,0.9777176967486749,-0.4160013495797057,0.526295731707317,0.4761901241087113
BAC,2624.0,4.8447773174215465,0.18478017242541633,0.21583288152228836,0.3042691714854894,0.7093485037230643,0.9791897797276171,-0.4894679317446583,0.5182926829268293,0.3775123158054223
CME,2624.0,3.2767430209476114,0.14976729868081406,0.1684330054709138,0.23892403258965658,0.7049646854077315,0.8799799443472233,-0.3735606991318179,0.5346798780487805,0.40091824174460566
NFLX,2624.0,7.231306377079859,0.22438639265901283,0.28980888566723817,0.4138116324444328,0.7003401135809156,0.9234296749311893,-0.7594731825161349,0.5099085365853658,0.29545005383286954
ICE,2624.0,2.9076395217000255,0.13984407683486255,0.15588976238219165,0.2229199416191149,0.6993082864185735,0.9061958517945389,-0.34317468545805185,0.5289634146341463,0.4075011437635789
EXPD,2624.0,3.4469060676088743,0.15408360966270895,0.17455183688252715,0.24969937577667048,0.699047950518888,0.9344683839202952,-0.3562257057948234,0.5259146341463414,0.4325448926233781
DOV,2624.0,3.802741147636504,0.1626470495295802,0.1866570307820858,0.2674962918068814,0.6977929657314376,0.9346485544693142,-0.4524090759705277,0.5255335365853658,0.3595132329754054
ETR,2624.0,3.203898175511897,0.1478719057236586,0.1664185927771754,0.2384944768498968,0.6977880367515414,0.8991122322311558,-0.41994346523354065,0.5339176829268293,0.35212336413289225
HCA,2624.0,5.074593312138847,0.18917649705627193,0.2262733164868793,0.3246594612643106,0.6969558675595364,0.8919353177409743,-0.5473993950786828,0.5316310975609756,0.34559135204941144
MRK,2624.0,3.0686526689231783,0.14427275136583262,0.16166844688173754,0.232009168888241,0.696819214759626,0.9739695985428531,-0.434433973107596,0.5144817073170732,0.33209362134784215
VLO,2624.0,6.978220412187755,0.22071976236037916,0.2795014806499102,0.40126236696371015,0.6965554302160314,0.9794357867092942,-0.7188128848931484,0.526295731707317,0.30706149959066076
COR,2624.0,3.9301235553479925,0.16557358762560237,0.19125714633671098,0.2748621383689907,0.6958293618452333,0.8888556296648235,-0.32442236527153767,0.5407774390243902,0.5103642823361431
TMO,2624.0,3.6903454676543994,0.1600059587667071,0.1829560364444022,0.2629569141240864,0.695764312012223,1.0128961802537815,-0.4095429227298385,0.5308689024390244,0.39069399051062975
NUE,2624.0,5.7497157834665344,0.2012730842362982,0.24741484421560558,0.3577210583519888,0.6916418210195371,0.9924333200174833,-0.5720519499777215,0.5171493902439024,0.35184406633722126
LDOS,2624.0,3.9053908701873192,0.16501075841179857,0.1915311829384915,0.27745405972314746,0.690316743354224,0.8645284232097908,-0.4947102479077853,0.5335365853658537,0.3335503137637788
SMCI,2624.0,10.503308818474034,0.26438052357159036,0.49221526941473737,0.7142630296512196,0.6891232626937027,0.8987774458418429,-0.8484096025557224,0.5125762195121951,0.3116189665642383
NDSN,2624.0,4.070254023542863,0.16871507711774414,0.19689458350234953,0.28615969205104025,0.6880584127384051,0.9119773287374672,-0.4423666768915774,0.5198170731707317,0.3813919219758401
ISRG,2624.0,4.874708082907826,0.18536150041501998,0.22340093507935732,0.3266662563501835,0.6838812725115796,0.9120452650318343,-0.49904222310802393,0.5514481707317073,0.3714345035988992
PLD,2624.0,3.5967988053793096,0.15776379330627788,0.1825027742290219,0.2676074140011575,0.6819795143203039,0.8972259729870059,-0.4329524615374871,0.5335365853658537,0.3643905678374759
J,2624.0,3.786330965914475,0.16226494652371048,0.188987961509398,0.2774332259694922,0.6812016147272136,0.9150816277936654,-0.393318076987313,0.522484756097561,0.4125540015007867
MAR,2624.0,4.785669325822494,0.18362420371386468,0.22158571550438097,0.32618490414610346,0.6793254767091528,0.9347710827311043,-0.6126369982522497,0.5297256097560976,0.299727578056359
AON,2624.0,2.925482816118588,0.1403429016469575,0.15882993758828187,0.2339262778215412,0.6789743292946798,0.868102900345954,-0.38727214880646754,0.5407774390243902,0.3623883155023663
DHR,2624.0,4.914399922004435,0.18612829647394102,0.21661157316534532,0.31917644383548555,0.6786577686071167,1.1738921054364868,-0.43819588409385357,0.5297256097560976,0.4247604855048701
TRV,2624.0,3.077962522417325,0.1445239456537395,0.16516403639810284,0.24375535972768975,0.6775811476827224,0.8124849451073425,-0.46279027274727613,0.5411585365853658,0.3122882095075109
ADP,2624.0,3.103041621923296,0.14519804846714957,0.16564619667078695,0.24457753424058332,0.6772747839866843,0.8493721701445484,-0.4077977883888718,0.5396341463414634,0.3560540360966602
AMGN,2624.0,3.1711864838326562,0.1470110839502008,0.167801947122241,0.24790671635800723,0.6768753569383524,0.9822935382245533,-0.24859965997138023,0.5198170731707317,0.5913567378456
AIZ,2624.0,3.4848549119750514,0.1550258143829344,0.18016260256355637,0.2673388938814082,0.673910929860721,0.8421009399501341,-0.4463481534903231,0.5407774390243902,0.34732038918649943
FERG,2624.0,4.417692457771337,0.17617792544361488,0.21081448490299512,0.3128441582472649,0.6738642207164762,0.7614945758360834,-0.5535121941014967,0.3567073170731707,0.3182909560458742
CBRE,2624.0,4.719291185002442,0.18231325803262477,0.22172067890474526,0.3290648204851539,0.6737902841690988,0.9038245455279408,-0.5357198455454312,0.5236280487804879,0.3403145497568913
TJX,2624.0,3.314508001443592,0.15073846958846882,0.17413480923993452,0.25891421087295224,0.6725579436247379,0.9001487937098624,-0.425535349100403,0.5182926829268293,0.3542325447395506
ACGL,2624.0,3.5493565531758753,0.15661086856516793,0.1828302894652506,0.27239846495018344,0.6711869301417938,0.8446033399710472,-0.5383976875158928,0.5407774390243902,0.2908832489377009
WST,2624.0,4.761276131508296,0.18314403413319158,0.22889672724406487,0.3421446841417819,0.6690056512735765,0.807559339693462,-0.5929158343151939,0.5255335365853658,0.3088870688446351
WELL,2624.0,4.322719764843363,0.17418192750734152,0.21073786991110305,0.3159105362481323,0.6670808527436349,0.8272728159583731,-0.6332839374320828,0.546875,0.2750455478369398
OKE,2624.0,5.50221708604245,0.1969710503343176,0.258339331245779,0.38794957197725416,0.665909566362212,0.7391172354156653,-0.8017286268766373,0.5411585365853658,0.24568294524005532
BLK,2624.0,3.5178038967694913,0.15583805413442464,0.18301418958189902,0.27628004746217333,0.6624227527938161,0.8963002852052964,-0.43901705053769113,0.5301067073170732,0.35497039111250966
GD,2624.0,2.631325796788876,0.1318444635335343,0.1494548920877885,0.225985811369036,0.6613463525978979,0.8881447259389907,-0.516305104534107,0.5358231707317073,0.2553615340536008
LHX,2624.0,3.1233840281403964,0.1457421030544752,0.1687573604659645,0.25569194356834796,0.660002650497491,0.9069719270615727,-0.38156618108740914,0.5209603658536586,0.3819576007473488
RTX,2624.0,3.46087744795755,0.15443133746494953,0.1815592517906074,0.27515450290564264,0.6598447413120062,0.8325855573156686,-0.519819571713821,0.5266768292682927,0.297086423575389
DHI,2624.0,4.893517968536643,0.1857254654904521,0.23369876820574306,0.3557143409339215,0.6569843869442296,0.9382053867937534,-0.5361805039384808,0.515625,0.3463860847722309
BR,2624.0,2.823353777302641,0.13745959764852667,0.15763061867636644,0.24005659222264505,0.6566394083032259,0.8774703794150173,-0.48208561082848944,0.5289634146341463,0.28513524270574087
ON,2624.0,7.413288076762175,0.22696041975433712,0.3383229044791255,0.5155796981505278,0.6561990429273057,0.9238302424423939,-0.7044129721027717,0.522484756097561,0.3221979559473875
FCX,2624.0,7.2372381935111285,0.2244711022773569,0.3259961229382106,0.4967984361476796,0.6561939394698583,0.9547135072021448,-0.725917213962985,0.5041920731707317,0.30922410704645836
EQIX,2624.0,3.324433929805128,0.15099245105875703,0.1770212485674285,0.26985293089887563,0.6559915728088396,0.9296298634569669,-0.4176799901017476,0.53125,0.3615027165222231
A,2624.0,3.4759370270212937,0.15480504822282692,0.1830312041056942,0.2797933612296784,0.6541656431778111,0.9181830642274043,-0.4319290522337178,0.5354420731707317,0.358403880040608
NEM,2624.0,4.967533714231097,0.1871475247972434,0.23797563464779367,0.363934082907097,0.6538976309853968,0.9068646326808978,-0.6240274599082076,0.5160060975609756,0.2999027075263197
ITW,2624.0,2.728567598172299,0.13472061275501024,0.15422444632137086,0.23603221176093098,0.6534042331373805,0.8731037120507289,-0.3784735529755602,0.5388719512195121,0.35595779862512555
EBAY,2624.0,3.9921537494468122,0.16697402796972138,0.20278869524780888,0.310554886800654,0.6529882602619597,0.8711471899169335,-0.5357984984920612,0.5255335365853658,0.31163586392953546
STE,2624.0,2.9531083462261822,0.14111116878949748,0.16348954413693514,0.25055620159534625,0.6525064759760939,0.8689118284382134,-0.36179672828649967,0.5285823170731707,0.39002886913270907
ROK,2624.0,3.9459805424860503,0.16593309579161608,0.20250423697013079,0.3123356666078126,0.6483545064496501,0.8657432487206999,-0.45090377665935033,0.5266768292682927,0.3680011221484524
BLDR,2624.0,6.59395226314326,0.21494642392414232,0.3091408852069699,0.478451887143088,0.6461274237058592,0.9540163015204854,-0.6873342001566927,0.5118140243902439,0.312724761659089
SHW,2624.0,3.092347731093273,0.14491106341017046,0.1708318547930071,0.2658727111100509,0.642532488873203,0.8756317805301632,-0.4245856370847081,0.5201981707317073,0.3412999657858412
NEE,2624.0,2.822476054331401,0.13743451746351765,0.16043825022038302,0.2511519517675305,0.6388094899970628,0.8230779348035328,-0.44969714373805536,0.540015243902439,0.3056157224417953
RF,2624.0,4.485049252205112,0.1775744502124903,0.2270248157902964,0.3554037911927027,0.6387799495003187,0.8486450192117193,-0.6073027839405216,0.5198170731707317,0.2923985446934518
ABT,2624.0,2.5736349152129696,0.1301050438882847,0.15098653468690243,0.23923537025897626,0.6311212866369091,0.853923847630678,-0.3963999502049784,0.5232469512195121,0.3282165999794081
CB,2624.0,2.5109067374129403,0.1281847021056215,0.14859462335260648,0.23573185368743885,0.6303544515864657,0.812213014461573,-0.4259165826452709,0.5301067073170732,0.30096198957433284
KO,2624.0,1.7764619912298643,0.10304043152131337,0.11488241349266687,0.18288227233701046,0.6281768704238577,0.7995295786452261,-0.3698753285454506,0.5270579268292683,0.27858152076950893
PTC,2624.0,3.9189365195733012,0.16531932679742356,0.20825004341794934,0.3316681740958515,0.6278867243914862,0.8118726213057684,-0.5437423519255171,0.536204268292683,0.30403981998457486
CRH,2624.0,3.5256446099070162,0.15603055002383237,0.1928953536058338,0.3087486912437994,0.6247649271928946,0.879001309298744,-0.5324728850861683,0.5163871951219512,0.29303003851282017
YUM,2624.0,2.3364135447421606,0.12267489832164502,0.14134640394398185,0.22757138492122117,0.6211079832946133,0.8635157453774346,-0.5217055064920664,0.5285823170731707,0.2351420423880662
TEL,2624.0,3.0784237308305933,0.1445363762907581,0.17518025669359868,0.28262343599488526,0.6198362711037488,0.8065898523296728,-0.4770845463930329,0.5304878048780488,0.3029575729994109
LMT,2624.0,2.4615901561751854,0.12665303701662545,0.147860584533504,0.23858970659922432,0.619727425131025,0.7729147182177922,-0.36674301344377913,0.5373475609756098,0.345345466372575
IEX,2624.0,2.4621607542197803,0.12667087103375563,0.14822046737605876,0.23999263072670457,0.6176042444605193,0.8282945173150775,-0.3552401460660063,0.5167682926829268,0.35657814139683197
MTD,2624.0,3.2310120086096887,0.1485808403048463,0.18212269948071577,0.29510438135302225,0.6171467148190161,0.8474518201566213,-0.4347412506347189,0.5423018292682927,0.3417684429253479
ATO,2624.0,2.0633494175730904,0.1135062402492919,0.12963649539423272,0.21043854174659676,0.616030192560148,0.8200617603823354,-0.3291025500442444,0.5423018292682927,0.34489626480874175
AZO,2624.0,2.7571541494632195,0.1355532294830184,0.16247912073510498,0.26418243423794685,0.6150262079452317,0.7577444757078715,-0.4214240234375001,0.5209603658536586,0.3216552022291672
SCHW,2624.0,3.7071702808090308,0.16040492785833682,0.2040263515911468,0.3320791707242262,0.6143906922743422,0.8306255173618681,-0.5107707830032833,0.5198170731707317,0.3140448381075582
ROST,2624.0,3.423688509561563,0.15350356742539817,0.1924687766126358,0.31398912097861814,0.6129791249224283,0.7981052897361912,-0.5141371439266633,0.5251524390243902,0.2985654104915127
ZBRA,2624.0,4.616450775847241,0.1802547778803607,0.24679719246837026,0.40296621615568523,0.6124513236440164,0.8449560126530322,-0.6778292906583494,0.522484756097561,0.26592946094921066
RMD,2624.0,3.3830096880595146,0.15248062463647605,0.1920361504147561,0.31535118686106667,0.6089596564586925,0.7457834580168721,-0.5399202512146872,0.546875,0.2824132347201875
NOC,2624.0,2.559405788481303,0.1296721250916879,0.15396328059771652,0.25291144395063103,0.6087635980116842,0.7955364926311032,-0.36384080667099317,0.5285823170731707,0.35639797052490946
GNRC,2624.0,4.900399389212992,0.18585835639751158,0.272652468896698,0.4506994224434936,0.6049541120299124,0.8276061823732539,-0.8374851741161218,0.5251524390243902,0.2219243541757807
LH,2624.0,2.658429915377033,0.1326530618956394,0.15985139993762063,0.2643194628200336,0.6047659080120718,0.7567376645686968,-0.4657926669127086,0.5293445121951219,0.28478993191298807
AEE,2624.0,2.058877499547103,0.11335002861185384,0.13088241135664103,0.21653674567770403,0.6044351084478199,0.7730773581511692,-0.2908631727696187,0.5350609756097561,0.3897022353587332
EMR,2624.0,2.97742106212327,0.14178330174450582,0.17493725009266803,0.2901693078216012,0.6028799234694425,0.7888738851612377,-0.5077153362445317,0.5270579268292683,0.27925747288480274
MCD,2624.0,1.875217727470488,0.10674908457510979,0.12207282425897541,0.20322672407653117,0.6006730896917141,0.7902175632746782,-0.3689856294652709,0.5274390243902439,0.28930417894542165
HD,2624.0,2.4008331143927575,0.1247387011336405,0.14844267583102277,0.24730279565548358,0.6002466548652269,0.7703470115952176,-0.3799371003034162,0.5251524390243902,0.3283140841839996
PNC,2624.0,2.987547921665347,0.14206216696569807,0.17595394934650457,0.29333120533004264,0.5998473607624849,0.8003059060149534,-0.4958337872745162,0.5255335365853658,0.286511671071431
WTW,2624.0,2.3844490318697593,0.1242171790569091,0.1475575938955462,0.2462833135024576,0.5991376021261536,0.7472792847638543,-0.32945561060780704,0.5331554878048781,0.3770376799100278
HIG,2624.0,2.91041757323633,0.13992187483832685,0.17237192362562362,0.2878827192730727,0.598757452551778,0.759967091792998,-0.5759293318676515,0.5350609756097561,0.2429497285449613
STT,2624.0,3.360645834976456,0.15191458322776552,0.19475350509852482,0.32607128782409256,0.5972727816611365,0.7749549363327711,-0.5959442270007287,0.5323932926829268,0.2549140948848889
DXCM,2624.0,4.7639354953647315,0.18319647173348308,0.28742784696186163,0.48214904591775243,0.5961389935237841,0.7659110504734323,-0.6631760014110264,0.522484756097561,0.2762411054436523
PM,2624.0,2.3062132349890723,0.12169494442378426,0.14477243031441545,0.2435250814068731,0.5944867340893516,0.7321946595481229,-0.4286884505740438,0.536204268292683,0.28387735722953633
PFG,2624.0,3.202487289525042,0.14783490282415768,0.18811845859955376,0.31671537786732035,0.5939669234449396,0.7699544314687191,-0.6473216194940468,0.5228658536585366,0.2283793687281864
ROL,2624.0,2.3833970401836013,0.12418361516771625,0.14868623289890726,0.25044802077051137,0.5936810059088082,0.7310068076422621,-0.44467751407915845,0.5274390243902439,0.27926668481287303
WAB,2624.0,3.1320811083230957,0.14597396506928018,0.1853421552704914,0.31238153452894996,0.5933198181831546,0.7804774823860036,-0.6407851015103331,0.5201981707317073,0.2278048673809971
SYK,2624.0,2.552176743558292,0.12945158297393355,0.15680130199546902,0.2645898299123473,0.5926202909893167,0.781475182495566,-0.43802754739680794,0.5240091463414634,0.2955329721686744
FITB,2624.0,3.657115680372513,0.15921416079466577,0.2124422109264734,0.35871364974797726,0.5922334181476776,0.7806452008085731,-0.6405948285731622,0.5171493902439024,0.24854112723528168
COP,2624.0,3.763724320061014,0.16173661785801663,0.2206778351821604,0.37556091539333725,0.587595317129945,0.8184713159839909,-0.7066103344678811,0.504954268292683,0.22889081855817145
C,2624.0,3.2542169105193848,0.1491843157387227,0.19378597437793174,0.33024505554673933,0.5867944761719691,0.7849983268314574,-0.5650756290662567,0.5167682926829268,0.2640076974921713
LOW,2624.0,2.738202618377989,0.13500188673274005,0.16911137013019448,0.28940809331555256,0.5843353176229457,0.7441157486705621,-0.48629222975327624,0.5320121951219512,0.2776147313750709
AEP,2624.0,1.8293897271295982,0.10504262762781402,0.12159110339127376,0.208183899092536,0.5840562306753009,0.7763958435184,-0.3290521707802715,0.5388719512195121,0.3192278822495825
CF,2624.0,3.9867010962903517,0.16685155723669665,0.23644654149287408,0.4048626215120774,0.584016723030137,0.8520770707043197,-0.6073799292145383,0.520579268292683,0.27470706424637464
BKNG,2624.0,3.1415409820985047,0.14622566262429015,0.18942844684210006,0.32511104675636154,0.5826576756835268,0.7667683472508462,-0.4777004196832614,0.5327743902439024,0.306103274351831
FFIV,2624.0,2.8369897629270047,0.13784856726426997,0.1736879782454049,0.298250582237091,0.5823558731809402,0.7766531595235017,-0.5459331868258994,0.5308689024390244,0.2525008015463081
RL,2624.0,3.754197548654963,0.16151329334683262,0.2229277571471572,0.3832576637900896,0.5816654908934968,0.8317932241407663,-0.5514215704781862,0.5160060975609756,0.29290347348358214
PAYX,2624.0,2.284642579309515,0.12099004353520093,0.1462658098691242,0.25234166920641377,0.5796339951666079,0.7333535446118055,-0.44950783035070474,0.5339176829268293,0.2691611477397509
CAH,2624.0,2.705967005002635,0.13405824946697842,0.16862104267773048,0.2909152914059606,0.5796224800106042,0.7202275666492602,-0.47229514050835386,0.5316310975609756,0.28384422783322544
ADSK,2624.0,3.486505823941534,0.15506663989794767,0.21012003329928441,0.3629926490480689,0.5788547890716639,0.7848171763781584,-0.5199403896552837,0.5320121951219512,0.29823926546801954
DRI,2624.0,3.3952840361452505,0.15279018636903774,0.2048504172117641,0.35492813020625147,0.5771602749343198,0.7516116551448068,-0.7280390739645621,0.5198170731707317,0.20986536551810805
UNH,2624.0,2.7346075242594066,0.13489701231237117,0.1718944429410846,0.2979626603735591,0.5768992756527903,0.6798696488730486,-0.6139086637622062,0.5270579268292683,0.2197346613186464
NTRS,2624.0,2.7803334386852194,0.13622415968740142,0.17303472415910068,0.3010079850957718,0.5748509432533698,0.7692207950958914,-0.5002602359472591,0.524390243902439,0.2723065914472625
JBHT,2624.0,2.7342806917931073,0.13488747358216813,0.1705793963332749,0.29748893803858784,0.5733974428022218,0.8397918515985349,-0.42414968745722736,0.508765243902439,0.3180185617743043
ORCL,2624.0,3.367150800779558,0.15207949761607642,0.20264638307235167,0.3536551836814481,0.5730055501035259,0.7960396741697782,-0.6457813629849785,0.5320121951219512,0.23549688227780885
ERIE,2624.0,2.679267410149865,0.1332710340906711,0.16887755966298804,0.29589925180792775,0.5707265517947601,0.7481766472899986,-0.6086588982687366,0.5282012195121951,0.21895849131549033
XYL,2624.0,2.3925324078985857,0.1244747657147387,0.1540978275417624,0.27092232493908097,0.5687896985839486,0.7570525555016027,-0.466931619115711,0.524390243902439,0.2665802884595237
SO,2624.0,1.8268342682075138,0.1049467385310614,0.12328301279582986,0.21719177173896,0.5676228514955076,0.7560615984432457,-0.38434883641838746,0.5293445121951219,0.273050751262898
SNA,2624.0,2.353226642427234,0.12321698837599038,0.15231745291828425,0.2686818822834436,0.5669063043022688,0.766180874171635,-0.47380895702358516,0.5236280487804879,0.2600562664539432
L,2624.0,2.170153040379178,0.11717712372797018,0.14307376972139868,0.25306315190496215,0.5653678484773241,0.6890272339541829,-0.4852475768610328,0.536204268292683,0.2414790496965796
NVR,2624.0,2.8244166404095434,0.1374899610886573,0.17903418001008126,0.31713431112989116,0.5645374017469615,0.7893356840097291,-0.4613363342936261,0.520579268292683,0.29802543365498124
LNT,2624.0,1.733118098447966,0.10137491698999646,0.11876933925677191,0.21053161481356322,0.5641401618562057,0.7461629309155364,-0.33538318928381716,0.5304878048780488,0.30226594602572104
GL,2624.0,2.516824291737694,0.12836717957814225,0.17938859937791657,0.3180420100519663,0.5640405786286078,0.5654879100972728,-0.6162255898314912,0.5438262195121951,0.2083119910895694
INTU,2624.0,3.0180973978319123,0.14289955191271275,0.1914027551049181,0.3394709561147364,0.5638266003534828,0.7448997741869791,-0.6819406517170059,0.5316310975609756,0.20954836986608286
PODD,2624.0,3.7902803603433464,0.1623570143136892,0.24148631044490548,0.42861175409718666,0.5634150443530511,0.8185185836279988,-0.6223003465209417,0.5259146341463414,0.2608981582950566
MLM,2624.0,2.695066814036698,0.1337374876435058,0.1725858448894246,0.3068476062175688,0.5624480732205989,0.8021407662812279,-0.4833928665506415,0.5163871951219512,0.27666417296932766
CINF,2624.0,2.467552275375731,0.12683925175819666,0.16021059208451982,0.28529457371745437,0.5615620023785897,0.7216421190506961,-0.581172071154676,0.5308689024390244,0.21824732820727555
VRSN,2624.0,2.233836558021901,0.1193130896667094,0.14707036646177224,0.26222584627672224,0.5608538157088128,0.745956555027405,-0.3884655994982529,0.5396341463414634,0.30713939618029423
LII,2624.0,2.543131621263265,0.12917506424040281,0.1664145129293785,0.29826122295606033,0.5579488720660635,0.7323631350718586,-0.4687594901673854,0.5358231707317073,0.27556789131730813
APD,2624.0,2.119149502629877,0.11543829071803757,0.14251952680429486,0.2571414065215343,0.5542457309082177,0.701867295147271,-0.3176569348314998,0.5255335365853658,0.36340554245816
CVX,2624.0,2.410529771289788,0.12504628675212115,0.15989681114251977,0.2888763945641263,0.5535129008508345,0.6952984410262132,-0.5577393636448668,0.5335365853658537,0.22420201065769269
MET,2624.0,2.53148178297899,0.12881797490340685,0.16721745149712933,0.30230753849134273,0.5531368894458383,0.6904288681194929,-0.5515532108463386,0.5320121951219512,0.23355493607904176
ECL,2624.0,1.9985595690882234,0.11122259976837268,0.13610703785239406,0.2479776168860664,0.5488682388416073,0.714359266574296,-0.43699973588024343,0.5304878048780488,0.2545141121065858
TPR,2624.0,3.4055886959483086,0.15304946930062413,0.2404647425577374,0.4397725605826994,0.5467934203059901,0.6882502839346785,-0.7887059667139132,0.5198170731707317,0.19405136484296392
XEL,2624.0,1.6699704390572174,0.09890518715511698,0.11757132065315866,0.2151397727939458,0.5464880766875442,0.7108846426509112,-0.3441261309718028,0.5354420731707317,0.28740969735663907
AVY,2624.0,2.168879637736931,0.11713401917719257,0.14664158533187524,0.26886351766822836,0.5454127306064178,0.7935742965002947,-0.43521212603144976,0.5141006097560976,0.26914236109480116
DLR,2624.0,2.2733849405827766,0.12062049510218142,0.15372289620431712,0.28228857898430443,0.5445593893930236,0.7522677737878144,-0.48515224917578603,0.5335365853658537,0.24862400474717122
RCL,2624.0,3.6415804476789893,0.15884223455857294,0.28677358083273063,0.5271638899153517,0.5439932178943038,0.7261447791816363,-0.8330126081785546,0.5072408536585366,0.19068407008375726
ADM,2624.0,2.112871881746947,0.11522249812273833,0.14592570584307232,0.2690315944470724,0.5424110359342232,0.6652457303604624,-0.5413551274666161,0.5266768292682927,0.2128408733504492
WEC,2624.0,1.633249268190772,0.09744461842785879,0.11615844850216794,0.21432127094862705,0.5419828278734462,0.6905209708576365,-0.32305216470429543,0.5327743902439024,0.301637410531065
CRL,2624.0,2.961533416011913,0.14134450463936332,0.20432824070229633,0.37724953077966983,0.5416262288782885,0.6991108564727655,-0.7823478013159783,0.5251524390243902,0.18066709512266713
QCOM,2624.0,3.0985858200716656,0.14507855325059826,0.21172905633252426,0.3916980500335068,0.5405415123062586,0.7576874740464595,-0.44288421047757276,0.522484756097561,0.32757671151598866
XOM,2624.0,2.1671677899492243,0.11707604862309218,0.14961949285172318,0.2787827769104244,0.5366884371762943,0.747280930683583,-0.6134248936439846,0.5182926829268293,0.19085637025197089
HPQ,2624.0,2.6542626572526187,0.13252909293096016,0.1871249246464374,0.35329884784930804,0.5296505374573186,0.6785311234099871,-0.5123396109733886,0.5266768292682927,0.25867430527022794
ELV,2624.0,2.3194231828371588,0.12212457848564817,0.16307066763115244,0.3082857955971002,0.5289593940431498,0.676542612072189,-0.503819372011551,0.5209603658536586,0.24239754417948073
DTE,2624.0,1.6084266391009643,0.09644684329148556,0.11666265544749994,0.22094034162759438,0.5280278585073455,0.6456932267937607,-0.4244741536351182,0.5472560975609756,0.22721487861047043
COF,2624.0,2.6965253083277276,0.13378045653874393,0.19390175878484547,0.3690324816497544,0.5254327692728036,0.709921966451111,-0.6025294617635257,0.5160060975609756,0.22203139436067715
DUK,2624.0,1.4325162737775985,0.08911935588691033,0.10583873040147268,0.20226516159177807,0.5232672278732897,0.6996811560324913,-0.3737185456397033,0.5339176829268293,0.23846650621622892
KDP,2624.0,1.739608762611038,0.10162583793993285,0.12494083485236472,0.23899163691905376,0.5227832925998247,0.725071266022838,-0.36872529739606197,0.5240091463414634,0.27561395612835493
KMI,2624.0,2.0126526822984734,0.11172310800868535,0.1450377822396035,0.27788075135274043,0.521942529425125,0.6629988397179825,-0.5512589654175915,0.5080030487804879,0.20266900861023185
MCHP,2624.0,2.917236936809888,0.14011263620977488,0.21930897337761338,0.4204757644379422,0.5215733983402535,0.7387211561802595,-0.637670503690436,0.5190548780487805,0.2197257602459123
PG,2624.0,1.3183374655121636,0.08410243246817584,0.09866252413211898,0.18930080883506073,0.5211944140084707,0.6945137105140106,-0.2377246251446563,0.5323932926829268,0.35378090265995454
FDX,2624.0,2.3558866223426422,0.12330252658677598,0.17032974783053242,0.3269817885812843,0.5209150900102506,0.6454810427840431,-0.659664876817029,0.5282012195121951,0.18691691936324867
GEN,2624.0,2.343292917356747,0.12289700176039164,0.1719205233599325,0.33072390189175876,0.5198309598324696,0.6555512006117129,-0.48405351033750443,0.5095274390243902,0.25389135526504536
BBY,2624.0,2.69156813250583,0.1336343499852768,0.19762620907883416,0.38111389885275115,0.5185489421239657,0.7318394667516233,-0.5259538558498045,0.5259146341463414,0.2540799891453566
EVRG,2624.0,1.577147941883378,0.09517726417860861,0.11630020450394561,0.2246456740747134,0.5177050703645695,0.6230727738718135,-0.38791731280614694,0.5396341463414634,0.2453545150901046
WAT,2624.0,2.174288251803413,0.11731699235840054,0.1574117637382391,0.3051970189604283,0.5157709740233375,0.7024111095636231,-0.44266543408325354,0.5190548780487805,0.26502406405722734
HSY,2624.0,1.6400271252865033,0.097715584577722,0.12073488334584538,0.23433640494151778,0.5152203447687806,0.6812396155270037,-0.45251734186716863,0.5232469512195121,0.21593776754395705
HON,2624.0,1.6522350245684119,0.09820205126866455,0.12177255583677542,0.23692386008858632,0.5139733743627358,0.664170249207621,-0.430103521203283,0.5316310975609756,0.2283218956076637
CMG,2624.0,2.5032164829188184,0.12794714464210322,0.1847288656995856,0.3596012407171199,0.513704750659919,0.711750315113851,-0.5889263922279941,0.5217225609756098,0.21725490032474273
CNP,2624.0,1.779842677126716,0.10316934619056584,0.1313206807928764,0.255794053194317,0.5133844166936793,0.6078674975345556,-0.5980180186260207,0.5354420731707317,0.1725187920384123
TECH,2624.0,2.3393044898580557,0.12276828408414708,0.17376501269496347,0.34119186279144526,0.509288267525823,0.739167108509874,-0.6721401305528785,0.5167682926829268,0.18265281078093384
CHD,2624.0,1.47314531883015,0.09085330610536135,0.11058615581525791,0.21723269053884636,0.509067744550549,0.6695905103069302,-0.31716150524339093,0.5354420731707317,0.2864575448260664
GM,2624.0,2.446926538253378,0.12619381219953674,0.18553817027084032,0.365616684945081,0.5074663654879698,0.7307712483640756,-0.599553641923672,0.5201981707317073,0.21047960244998765
EXC,2624.0,1.6087373930004962,0.09645938737300619,0.12020842256711518,0.23716733628023234,0.5068506669277562,0.6664219898436479,-0.4003638630551777,0.5331554878048781,0.24092930524979042
NI,2624.0,1.5476073753508777,0.09396537970294894,0.11651476447712604,0.23018812384609982,0.5061719194298051,0.6212548704222125,-0.30950019784495764,0.536204268292683,0.3036036175654413
INTC,2624.0,2.697818039676081,0.13381852905986436,0.22510201629502558,0.4467788565147473,0.5038331895358961,0.6929758410584357,-0.7079731798426212,0.5114329268292683,0.18901638207482876
EW,2624.0,2.115851615288759,0.11532497516713858,0.1629262297209618,0.3235383150583437,0.503576306539092,0.6184729670543914,-0.5431588298978873,0.5141006097560976,0.212322747636855
ROP,2624.0,1.5685744416489507,0.09482684017338072,0.11836269113190638,0.23504924011097855,0.503565512809237,0.6312428734357509,-0.46512229833985697,0.5449695121951219,0.2038750679377069
VRSK,2624.0,1.6063337715790387,0.09636232612073692,0.12139159762366274,0.2417572746612409,0.5021217987907959,0.6137335319326657,-0.5081038759520301,0.5423018292682927,0.1896508385026263
BSX,2624.0,1.8243707222413694,0.10485422409525214,0.13781341006060774,0.2744622840525362,0.5021214865144393,0.6167542642115467,-0.605788780204155,0.5251524390243902,0.17308710151402198
MAS,2624.0,1.9424036150673438,0.10920690177659864,0.14706134008042826,0.2949246564730362,0.4986403708632396,0.720577303237088,-0.4482966869043673,0.5190548780487805,0.24360407954541755
ADBE,2624.0,2.208249924762583,0.11845951499627061,0.17170803331204762,0.3444528907922289,0.4984949695649977,0.6266002915676584,-0.719031908662457,0.5304878048780488,0.16474862042858288
CMS,2624.0,1.3266871565278064,0.08447679713405787,0.10228102882086477,0.20559466488508618,0.4974887304494653,0.6502159346743361,-0.29552700654926645,0.5384908536585366,0.28585136133734357
TYL,2624.0,1.9098964930165185,0.10802412166004505,0.1459926097981383,0.29416810570038293,0.4962897301546184,0.6719168511725415,-0.5743730198067462,0.5316310975609756,0.18807311265489263
CPAY,2624.0,2.0495927563786904,0.11302503651329165,0.16021370728860154,0.32644604362322605,0.490781586783497,0.6719955367172992,-0.5012923918013377,0.5331554878048781,0.2254672888753586
PEG,2624.0,1.3580036562511593,0.08587016107870182,0.1060753113237557,0.21741979022680313,0.48788250238445374,0.6507355174948946,-0.40777679126598365,0.5339176829268293,0.2105812859336829
AWK,2624.0,1.4763855854186154,0.0909904817871452,0.11490630004753695,0.23589605199294436,0.48710565131023814,0.6648303531945371,-0.3710106598817715,0.5320121951219512,0.24525031657079818
VMC,2624.0,1.8678761664075414,0.10647737477885322,0.14666799204571038,0.30188429711953235,0.4858417395179604,0.6967546767159652,-0.4922808757495425,0.515625,0.21629394929618526
IBM,2624.0,1.6928815325983617,0.09980729358540552,0.13446847936554798,0.27794043194200163,0.48380323231852707,0.5660086626964923,-0.4058518865240005,0.5369664634146342,0.2459204870038304
DPZ,2624.0,1.8394262390670608,0.10541847410491445,0.14499217666965578,0.3003405154314104,0.48275929892904534,0.6828887802363742,-0.478128989030693,0.5182926829268293,0.22048124360463578
MTB,2624.0,1.9565811636948989,0.10971906008228927,0.15634163358048686,0.32418562417164887,0.48225961277575824,0.6689356832893112,-0.5297478752301104,0.524390243902439,0.20711562086894603
NXPI,2624.0,2.277204579342733,0.1207460089205552,0.19570407189751696,0.405950547220298,0.48208845446219795,0.6965735408298556,-0.5325955097997801,0.5160060975609756,0.2267124050030905
ULTA,2624.0,2.1528246316957533,0.11658921140599254,0.1848271903182449,0.38405671326723984,0.48124973196246623,0.623720425906225,-0.6492262367035855,0.5167682926829268,0.17958179262435323
BG,2624.0,1.8422768852539084,0.10552500588073954,0.14785772143593168,0.3083186183575058,0.47956144271665657,0.6620968020210307,-0.6048912015756431,0.510670731707317,0.17445286955053085
SRE,2624.0,1.4694391283686534,0.09069620635292774,0.11745500909959089,0.2459324992869867,0.47759043412366897,0.5807391192915974,-0.45000920914953846,0.5304878048780488,0.20154300069621311
DVN,2624.0,2.1935052514048095,0.11796483109512867,0.2362788477872387,0.4960855092019687,0.4762865340842757,0.6536071386600436,-0.8851391534430523,0.5064786585365854,0.1332726392638536
HII,2624.0,1.7735201354033272,0.10292813511175991,0.14612356793728476,0.3071472171260298,0.475744398092094,0.5686081034813598,-0.4970277011651496,0.5358231707317073,0.2070873210295366
EXR,2624.0,1.5671032893465449,0.09476660362502787,0.12645395807840396,0.2671410588259126,0.473360248829477,0.6202298623244845,-0.5136487030226933,0.5278201219512195,0.18449691991306563
CRM,2624.0,1.955926850632379,0.10969547219818288,0.16626064797188797,0.35284610777825676,0.4711987586281471,0.6437083814071286,-0.5866958797650843,0.5201981707317073,0.1869716082582776
EXPE,2624.0,2.1260511249767013,0.1156750806980198,0.20529734220017537,0.43584077242331376,0.47103748705910137,0.6038488626949755,-0.7050529465815136,0.5186737804878049,0.16406580705587648
KEY,2624.0,2.042440136374337,0.11277406421726766,0.18491240373977735,0.3926752688001047,0.4709041246850432,0.6115879219390535,-0.6523277220524855,0.5102896341463414,0.17287945982494057
FSLR,2624.0,2.0911190983190378,0.1144716926078102,0.23447680935766516,0.5045844645090772,0.4646928826589885,0.709949648830553,-0.6403496755501198,0.5007621951219512,0.17876434857169
PRU,2624.0,1.7175771122038501,0.10077192599125939,0.14613821688043,0.31527270888394987,0.46352955001323204,0.5726821188451306,-0.658915089273354,0.53125,0.15293613339829543
RVTY,2624.0,1.6887163336543476,0.09964380945011175,0.14248049050327954,0.30768515823966547,0.4630723539557183,0.6376724556951975,-0.5900624286761931,0.5217225609756098,0.168869944276342
EOG,2624.0,1.9203044910564175,0.10840411371525516,0.1796230573665212,0.38882659914861883,0.4619618559013885,0.6260039371531865,-0.7713172327879636,0.508765243902439,0.14054413554773465
ED,2624.0,1.1571857284900595,0.076627377040974,0.09558880185341671,0.20856837128555944,0.4583091926366065,0.6062289529754467,-0.30905060343912916,0.5346798780487805,0.2479444343038359
JKHY,2624.0,1.306038549210077,0.08354877542024663,0.10861563395982544,0.23732609389783854,0.45766410332688107,0.565026918620812,-0.3835464594966296,0.536204268292683,0.21783221654528354
AMT,2624.0,1.4170915192223594,0.08845420122332759,0.11882356130591219,0.2610271543419502,0.4552153265642671,0.6371265497280809,-0.4534419513880448,0.5266768292682927,0.1950728223371432
HBAN,2624.0,1.739633224185929,0.1016267825769035,0.1547457882598161,0.34018703423970686,0.4548844391017478,0.6124809542175056,-0.549846227121749,0.5083841463414634,0.18482764373756613
CHRW,2624.0,1.547924019717,0.09397843705638964,0.13282049235041657,0.29292877207274703,0.45342248701138665,0.570587403907619,-0.40552307772814933,0.5335365853658537,0.23174621178869137
TGT,2624.0,1.6625897568410775,0.09861308805409186,0.14942691407793798,0.3309217633115868,0.45154755789585754,0.576088277154353,-0.64398265014424,0.5148628048780488,0.15313003856859245
GE,2624.0,1.703863058615378,0.10023722541900293,0.15994011713069803,0.3588173531079161,0.44574242506770634,0.6158309369522692,-0.8119140696101915,0.5053353658536586,0.12345792389966573
GILD,2624.0,1.3300615005418366,0.08462774390524852,0.1141923466246777,0.25711352386639247,0.444132011834652,0.6628811044913046,-0.36013368951378877,0.5083841463414634,0.23498980064737404
TXT,2624.0,1.5957697469941747,0.09593477591039035,0.14528345430078435,0.3271298441441684,0.44411556114934275,0.5763925775798798,-0.6996073312380764,0.5209603658536586,0.13712660177619515
SW,2624.0,1.7728347460845284,0.10290195699218563,0.19055325895396286,0.42985672304829914,0.44329482066179554,0.45593693527671403,-0.5457331183037383,0.2625762195121951,0.18855728842703948
EG,2624.0,1.361792034913396,0.08603758147220675,0.11919454593996513,0.2700200309256455,0.4414285322883595,0.5725102394182682,-0.4420631960924424,0.5247713414634146,0.19462733435564025
BKR,2624.0,1.6917009322590926,0.09976097822642038,0.17170134368430695,0.3911708810761218,0.4389420378427757,0.6225979689344013,-0.7832312839188235,0.5110518292682927,0.12737103365850735
SYY,2624.0,1.4146313685119458,0.08834775865089273,0.12957739438335075,0.2990190695930188,0.4333415743675232,0.5319530587728474,-0.6339718437603696,0.5144817073170732,0.13935596591618768
MO,2624.0,1.137803948303592,0.07569459879207252,0.09968724628170512,0.2301666535174644,0.43310898758903466,0.5160856372090012,-0.5369478902862039,0.5396341463414634,0.14097196424726763
ALB,2624.0,1.605747115793812,0.09633862393879955,0.20721082040065708,0.4789633477449397,0.43262354285823595,0.5977998000551119,-0.8390426273993595,0.5228658536585366,0.11481970139872906
PNW,2624.0,1.1021705834569162,0.07395956066476517,0.09666315490721265,0.22419959186533187,0.43114777374471996,0.5548006892345052,-0.39276062840812653,0.5278201219512195,0.18830696183710172
VTR,2624.0,1.4926963312727115,0.09167853781542878,0.14842368001064338,0.3444097617573316,0.4309508512572926,0.5057663002308912,-0.7692420338925627,0.5327743902439024,0.11918035387576492
DVA,2624.0,1.5091640132015662,0.09236909759405076,0.14904732073111596,0.3464151266475361,0.4302563868198683,0.5301637756897469,-0.5109881987899271,0.5289634146341463,0.18076561809605457
TSCO,2624.0,1.3196278960329528,0.08416036943647609,0.12404536473922162,0.29261074290837624,0.42392621510162165,0.5504438851245717,-0.5269463217482322,0.5194359756097561,0.1597133635116003
TRMB,2624.0,1.4210953845334822,0.0886272260006904,0.14074929754074594,0.3339631565780937,0.42145157263128585,0.5637260570916306,-0.573547856516373,0.524390243902439,0.15452455273566237
PEP,2624.0,0.9292171501715341,0.06514081754424872,0.08238409079187939,0.19619310256458933,0.4199132880563805,0.5485074641516553,-0.30322673782854026,0.5228658536585366,0.2148254405621797
TROW,2624.0,1.3170361537210789,0.08404397743016356,0.12484227391199508,0.2975787041581044,0.419526908906983,0.5788448527107827,-0.5816314308416748,0.5301067073170732,0.14449696659024103
USB,2624.0,1.2883404714203568,0.08274736323122212,0.12431089160515943,0.2991938560542952,0.41548611072615255,0.5417053430181293,-0.5213487763015512,0.515625,0.15871786219243095
PNR,2624.0,1.2733146708869256,0.08206254832742066,0.12307167298429379,0.29637695409135467,0.4152538558931219,0.5442292343861338,-0.5234343731529973,0.5228658536585366,0.15677714826617659
SBUX,2624.0,1.2584570911980566,0.08138136512205896,0.12031876884483032,0.29104983219554514,0.41339576778725917,0.5667389287055146,-0.43682908964951883,0.508765243902439,0.18630024201765885
IT,2624.0,1.3419588854035398,0.08515838557422972,0.14064657252619073,0.3407496542940256,0.4127563175891877,0.4961821130807854,-0.7721456938413224,0.5442073170731707,0.11028797577122791
MDLZ,2624.0,0.9671965355453123,0.06713689310354698,0.08742597833570571,0.21190701387995678,0.412567648115846,0.5743262140442683,-0.29741959913691274,0.5133384146341463,0.22573123391455283
FDS,2624.0,1.2137237885733856,0.07930571314149604,0.11630290805907839,0.2825932656759644,0.4115558372591835,0.5203468910644735,-0.6113144422878917,0.5480182926829268,0.1297298209489183
WFC,2624.0,1.3080616605099609,0.08364003243131535,0.1312833858093142,0.3190657453200801,0.4114618624372023,0.5584793730237705,-0.6445713401798979,0.5114329268292683,0.1297607064067907
CPT,2624.0,1.0638288543912826,0.07206269939540633,0.09906311042514494,0.24199266724315038,0.4093640999692272,0.5395769345115141,-0.5021733179864295,0.5323932926829268,0.14350164935954188
ALGN,2624.0,1.2570293464094,0.08131569339231626,0.1980240631114273,0.48521144173434183,0.40811911278021246,0.521161937895418,-0.828912757319608,0.5163871951219512,0.09809921813154453
MNST,2624.0,1.1643752260675218,0.07697145734496891,0.2640606640489944,0.648542636775285,0.4071600679362727,0.5438475754637864,-0.5445267225758617,0.53125,0.1413547841708457
MAA,2624.0,1.0413805661493956,0.07093728858939752,0.09753453714842172,0.23982377959324636,0.40669251945676704,0.5252597246542429,-0.4539918492163296,0.5240091463414634,0.15625233957800752
TFC,2624.0,1.2778351429453725,0.08226900232636303,0.13459507344300906,0.33223290465155064,0.4051226460671431,0.5248056494050366,-0.5911312368383126,0.5175304878048781,0.1391721452014308
SBAC,2624.0,1.1698864584069693,0.07723451912829415,0.11372470522677562,0.2813244701139965,0.4042474697657578,0.5886514530768507,-0.5450277815581414,0.5236280487804879,0.14170749040992708
ECHO,2624.0,1.36514399467382,0.08618551284253773,0.21592038348746334,0.5356273274468518,0.403116817277939,0.6378915494618073,-0.8081105175204029,0.49771341463414637,0.10665065108543367
FE,2624.0,1.0305433069806087,0.07038996951870047,0.09893057336387183,0.24617184630320216,0.4018760668594984,0.45949306726443423,-0.4768342042760808,0.541920731707317,0.14761937983363624
HUM,2624.0,1.249963344516623,0.08099012586926024,0.13808388711997296,0.3447278450436357,0.4005591341265,0.48167296918122104,-0.6991675947573632,0.5259146341463414,0.11583792852608792
CNC,2624.0,1.2147790544661232,0.07935511304519016,0.15338140190078403,0.38404647702441386,0.39938239530064373,0.4851482368297119,-0.7406912284721909,0.5141006097560976,0.1071365637863356
MGM,2624.0,1.2471104340489583,0.08085841544103256,0.18012853388993133,0.45121294925768063,0.3992095842689629,0.5356293693721814,-0.8042222110075768,0.5091463414634146,0.10054238036988357
HST,2624.0,1.2467941478501339,0.08084380413711578,0.1343154314465105,0.33865699245762,0.39661201285639763,0.5838570861059381,-0.5504020368464925,0.5110518292682927,0.14688136802746457
REGN,2624.0,1.210087801891413,0.07913533939989414,0.12869413793651185,0.3245367368487096,0.3965472112222095,0.5917268102799764,-0.5969200278525623,0.5038109756097561,0.13257276637975426
ACN,2624.0,1.092836730104728,0.07350068946083743,0.10997141935918492,0.278703716650127,0.3945818185741615,0.4994945489168955,-0.6817367188613875,0.5384908536585366,0.10781389270567042
LEN,2624.0,1.231722690939113,0.0801453917156727,0.1454471096662977,0.37009296035206035,0.3930015570356633,0.5599123611263203,-0.5880361719913249,0.5034298780487805,0.13629330223729003
PSA,2624.0,0.9551261093152299,0.06650631460689582,0.09195945677803374,0.23420401751045375,0.39264679468587305,0.5271229085320737,-0.37928556587477635,0.5278201219512195,0.17534628414742606
CI,2624.0,1.136346135958628,0.07562413056575656,0.11993726761616288,0.3059373429867836,0.3920321280339555,0.5082468719330776,-0.42468101274247727,0.522484756097561,0.17807278474117785
BALL,2624.0,1.0789956576005708,0.07281681694689279,0.10961857862505298,0.2802934332968027,0.39108507586397107,0.5372140671840417,-0.5508923088586803,0.5144817073170732,0.13217976685452762
COO,2624.0,1.0475094597211032,0.07124565725377385,0.10734362953559475,0.2768264114259885,0.3877651304391302,0.5173125455220275,-0.4823668114873123,0.5190548780487805,0.14770016418438403
BDX,2624.0,0.9318612312515018,0.06528092734453894,0.09133935426001685,0.23580086677521492,0.38735800893848776,0.48974043377927506,-0.4005917704545493,0.5141006097560976,0.16296122925956524
AOS,2624.0,1.0326909299753915,0.07049864135560013,0.10453551178848425,0.2701149798659394,0.3870037561055155,0.5672471615198249,-0.46806323221038204,0.5148628048780488,0.15061777235241766
UAL,2624.0,0.950925643713538,0.06628604991162423,0.1961359500858572,0.5135000086665226,0.3819590005367106,0.5260277798860394,-0.7940020609622568,0.5114329268292683,0.08348347336944151
AES,2624.0,1.0339819828551549,0.07056391996131062,0.13138294045964768,0.354771759989425,0.37033088671872855,0.47558929682918627,-0.6342967664905712,0.515625,0.11124748491423934
AKAM,2624.0,1.0148242600227277,0.06959139198226905,0.12822740321648435,0.34822759037660245,0.36822872960126024,0.4432085001898942,-0.4684383167768197,0.538109756097561,0.1485604176471004
EFX,2624.0,0.9865343411322702,0.06813987802078647,0.11591464414235152,0.3152284578821515,0.36771630620255213,0.4630402886082427,-0.49693712636144927,0.5373475609756098,0.1371197167732335
DD,2624.0,0.986627543254416,0.06814469068270279,0.11443538852155583,0.3116404605518752,0.3672032454287401,0.5095291573222939,-0.727396172002085,0.5041920731707317,0.09368304825572751
DAL,2624.0,0.9598120961403567,0.06675153490706665,0.1519510193902463,0.4176110063033357,0.36385779372844224,0.5046751704809949,-0.6917960982366275,0.5064786585365854,0.09649018703229867
GPC,2624.0,0.9124810092121802,0.06424992181158684,0.10253429758571651,0.28260497799736606,0.3628184411764756,0.4522715907041486,-0.5489330308427123,0.5251524390243902,0.11704510058895799
ES,2624.0,0.8247995813524414,0.059464021989260596,0.08680372563527725,0.24072602812986782,0.36059135902183387,0.4648685673514561,-0.416892376751991,0.5304878048780488,0.14263638604415094
BA,2624.0,0.9330139249792708,0.06534195430921308,0.14792994018507138,0.4113524701379406,0.35961845600554054,0.48177222634794087,-0.7792005308626502,0.508765243902439,0.0838576871051066
ESS,2624.0,0.844401797785246,0.06055173299815375,0.09190012305511844,0.256351931253187,0.3584920254193557,0.4652510372659514,-0.448417155050838,0.5388719512195121,0.1350343810804671
T,2624.0,0.8012411991906736,0.05814272375463814,0.08463600283093173,0.23678003521762106,0.3574456890047509,0.4641548056453806,-0.3942908547241689,0.5194359756097561,0.14746150730610427
MMM,2624.0,0.8570795862087726,0.06124966169132007,0.09372494346711022,0.2626468521295427,0.35684776995112505,0.4823188870838806,-0.5909732908523214,0.5201981707317073,0.10364201333529602
EQT,2624.0,0.8093786460777055,0.05860087840225936,0.1719479254808401,0.4828007363214431,0.3561467755640687,0.5498475442493822,-0.882786813944519,0.4919969512195122,0.06638168748852911
AIG,2624.0,0.9000571526826384,0.06358400774194473,0.11387631180923243,0.3216252775325353,0.35406518008433846,0.4344897318106569,-0.6957980505472304,0.524390243902439,0.09138284835943022
CL,2624.0,0.6825876840444205,0.051240604315669014,0.06929381038735737,0.19666516120361263,0.35234410590707355,0.48544745062004624,-0.29045846999167113,0.5179115853658537,0.17641284248704586
O,2624.0,0.795709872403118,0.05783022956387085,0.08941918806894633,0.25400766213926557,0.35203342810942534,0.4047958681437311,-0.4828200958197315,0.5301067073170732,0.1197759373824048
KR,2624.0,0.8521930163781775,0.060981161292897434,0.10112769467155719,0.2887300775542073,0.3502499480767503,0.4688168584151352,-0.47772751769245125,0.5110518292682927,0.12764841679510608
SPG,2624.0,0.8746087564158065,0.062207604082923806,0.12747588704964607,0.3651557590813845,0.34910003164220876,0.43019200045185274,-0.7700218254803709,0.5247713414634146,0.08078680632736114
LULU,2624.0,0.8296695125567475,0.0597352329830958,0.14084846240435134,0.404139381925356,0.3485145687444187,0.4429555663429265,-0.7937960872632368,0.5148628048780488,0.07525261706573082
INCY,2624.0,0.8531682213108893,0.061034796591264984,0.11977031789324405,0.3473387662779807,0.344822776843141,0.5010841967313113,-0.6647451914225345,0.5007621951219512,0.09181683053720535
F,2624.0,0.8429519789156248,0.06047164247551162,0.12716854601698102,0.3703645723805425,0.3433604494069098,0.4799618230115809,-0.6476503414230138,0.4973323170731707,0.09337081849234212
APA,2624.0,0.24916585028309357,0.0215957199884087,0.1970459880017037,0.5781147630436188,0.3408423389230013,0.43711088178248053,-0.9348661920976715,0.5125762195121951,0.023100332615464243
CSGP,2624.0,0.815827815145443,0.05896265846605808,0.11191378383479886,0.3304883674616111,0.338631537001975,0.4628641480506771,-0.7278925208448692,0.5144817073170732,0.08100462194283817
IVZ,2624.0,0.7674129715564668,0.056217844773213344,0.13170361668791458,0.39124810052412234,0.3366242967351976,0.44597211252584545,-0.7972433667678352,0.5171493902439024,0.07051528694572946
VZ,2624.0,0.643636665379486,0.04887867105234589,0.06859744305915842,0.2045696073942671,0.3353256817223614,0.46757266019620236,-0.41207105514681264,0.5091463414634146,0.11861709392554011
IP,2624.0,0.7093665575329924,0.052835930530584774,0.1037312273704839,0.3234151342511036,0.32073708489456676,0.44620884804168215,-0.5527255632237602,0.5095274390243902,0.0955916173343247
HAS,2624.0,0.7030677477629657,0.05246272754829029,0.10756086789459207,0.3364252844469037,0.31971695608856016,0.4287798673166873,-0.6384289692376819,0.5186737804878049,0.08217472902417566
DG,2624.0,0.6693185158474584,0.050441583959384806,0.1004564749243082,0.31475702834855673,0.3191556212465711,0.3730937627071472,-0.7260815176327637,0.5121951219512195,0.06947096535915002
EIX,2624.0,0.6566054610154084,0.049670646919310224,0.08760982428961345,0.2783372125011295,0.3147614488998948,0.38051468308747227,-0.43882535905141606,0.5186737804878049,0.1131900103190947
DLTR,2624.0,0.6092457709765045,0.046750814503281335,0.11403694429128688,0.36790266781957387,0.30996498331241423,0.3850634563617208,-0.6483800641047945,0.508765243902439,0.07210402831837412
GPN,2624.0,0.6336475651402069,0.04826479817157403,0.10724618637695776,0.34641014397524855,0.30959308854598855,0.41076755365802914,-0.7016895193261377,0.5175304878048781,0.06878369541264458
MDT,2624.0,0.5870656588706569,0.04535655942121708,0.0714167872072407,0.23228103507744344,0.30745853695472847,0.4039059426055447,-0.4509987546305272,0.522484756097561,0.10056914560301757
PFE,2624.0,0.5862336786003894,0.045303918653339936,0.07248602222167196,0.2377199871856833,0.3049218666037243,0.4513225085506433,-0.5896199050558988,0.4961890243902439,0.07683580263296048
UHS,2624.0,0.5989156533494842,0.046103632731280264,0.10352329280906448,0.3409221532392836,0.30365669061231243,0.37983009296272374,-0.5630269380102509,0.5182926829268293,0.08188530533585386
OMC,2624.0,0.5985051778188117,0.046077838443731034,0.08601595555695682,0.28647129749801237,0.30026029242093144,0.40264560368204866,-0.4321380567363394,0.5198170731707317,0.10662758746991016
WYNN,2624.0,0.34706601193260544,0.029025331884411143,0.13697277520534246,0.46585845891073235,0.2940222992314263,0.4210796628131617,-0.7740025061948776,0.4919969512195122,0.03750030736606319
UDR,2624.0,0.545717146884946,0.04270967141215776,0.07368063643528468,0.25207286929929884,0.2922989556158856,0.38993784181869345,-0.44435398426210415,0.5240091463414634,0.09611632375274319
REG,2624.0,0.5606380328991898,0.04367211947865357,0.08549455539031535,0.2947223560842726,0.2900850703224873,0.3969983336580987,-0.5702171864225519,0.5099085365853658,0.07658857101913256
BEN,2624.0,0.5345998461269772,0.041987092282333105,0.09461376629463812,0.3270825621527327,0.28926569998695867,0.4134196338521527,-0.6209835436379992,0.5083841463414634,0.0676138566190562
UPS,2624.0,0.5387242109060233,0.042255709590461876,0.07900990610808672,0.2739162097974917,0.2884455292605696,0.37035863144916825,-0.5791770911434064,0.5148628048780488,0.0729581853920379
OXY,2624.0,0.198369018409013,0.017530814825141405,0.13870873843931783,0.4809709248131508,0.28839318820197685,0.36776880866764206,-0.8838877328763549,0.4946646341463415,0.01983375735750114
PPL,2624.0,0.5077216358250518,0.04022037462832406,0.06500825466567349,0.22574046077367804,0.2879778593650042,0.3608785639384242,-0.4872591532562359,0.526295731707317,0.08254411304444659
HAL,2624.0,0.2595585448714901,0.022408917910521797,0.12803918417875032,0.4550062958705556,0.2814009066265231,0.36859535976534613,-0.9144582402579033,0.5019054878048781,0.02450512983972001
LYB,2624.0,0.42889070030348564,0.03486947177813837,0.09961564172058426,0.35973127439046754,0.27691682322971245,0.36853606476702544,-0.681652829240537,0.49885670731707316,0.05115429773391855
KIM,2624.0,0.4684930357053374,0.03759006961735989,0.09234778498100572,0.3345622722045681,0.27602569881083205,0.3789679828930418,-0.6951827575459388,0.5121951219512195,0.0540722122482675
D,2624.0,0.46690374629549414,0.03748217341749416,0.064288166573461,0.2343351030032544,0.2743428779962521,0.35045071528735017,-0.5219991214215969,0.5213414634146342,0.07180505077368009
BMY,2624.0,0.45014491252312805,0.036337945216418754,0.06779408650381244,0.252162163182446,0.2688511458190562,0.3384985010572726,-0.47667363417452646,0.5148628048780488,0.07623233720351773
MKC,2624.0,0.4470982991917076,0.036128651209666574,0.06485913826945398,0.2421266703632052,0.26787275508377995,0.3469447031026741,-0.5201837332701057,0.5289634146341463,0.0694536351272383
SWK,2624.0,0.32237966278697905,0.027199102727026414,0.0931590002965336,0.3635232290396981,0.25626698063457254,0.3378058903673247,-0.7130793746377003,0.508765243902439,0.03814316287137834
VMRK,2624.0,0.40195660764145424,0.03297993866020299,0.06333504925953626,0.2483385909799673,0.2550350672829794,0.34366196728164516,-0.45904845269722117,0.5221036585365854,0.0718441342442687
SWKS,2624.0,0.21556073219218486,0.018923693351464488,0.09971785749519695,0.40122534040741065,0.24853329900335266,0.33241596270016727,-0.7287972276406831,0.5175304878048781,0.02596564947526719
CCI,2624.0,0.37581957812128697,0.031114684618099187,0.0644468518395986,0.2599510849685288,0.24791914927918424,0.3417492875864214,-0.5577875481732808,0.5285823170731707,0.0557823219969643
WY,2624.0,0.30350733936467233,0.025782074753901263,0.07655904650255557,0.3189883046089625,0.24000581023309572,0.31415030071128375,-0.6169385183318676,0.5152439024390244,0.04179034699213317
HSIC,2624.0,0.3414188558505351,0.028610255523523476,0.06531606031135063,0.27216246770783425,0.23998922724887722,0.32733785033489227,-0.4141907361077172,0.5099085365853658,0.06907507346104164
LVS,2624.0,0.20100926253612572,0.017745897638784536,0.09153653517020469,0.38442381152445854,0.23811359345096336,0.3308114265817807,-0.58774294840621,0.5053353658536586,0.03019329740476906
WBD,2624.0,0.021345881534600375,0.0020304712755856436,0.11044254502210912,0.4650451847538169,0.23748777246360395,0.33149465093052266,-0.9131616367327866,0.4946646341463415,0.00222356173749315
PPG,2624.0,0.3303593939381395,0.027792768271974078,0.06513346932923544,0.2742739075235498,0.23747599586607757,0.31486184942818035,-0.46020715381795807,0.524390243902439,0.0603918649273495
SJM,2624.0,0.3283381905228959,0.027642702473881675,0.057583975064013894,0.2456064011585923,0.23445632846853584,0.3114317430519331,-0.3811209102297176,0.5121951219512195,0.0725300074908518
EL,2624.0,0.19490915234901807,0.017248313563977158,0.08470551212152508,0.36474112916929513,0.2322346051689962,0.28295639317309096,-0.8581657156054258,0.5171493902439024,0.02009904759689529
CVS,2624.0,0.2945946116973306,0.025106404357924772,0.06719169089094806,0.29000820843088954,0.23168892789101933,0.29416629030725155,-0.5678882859788936,0.5141006097560976,0.044210111350769944
DOC,2624.0,0.28156194377983645,0.024110793898950655,0.06677660747631681,0.29220631352070264,0.2285255464597815,0.3016197582998252,-0.5406928591125701,0.5141006097560976,0.04459240304842066
CTSH,2624.0,0.262357594782864,0.022626898492102532,0.06599769950552872,0.2942961631980088,0.22425606500729015,0.2795907622938782,-0.5607995463556903,0.5160060975609756,0.0403475691789367
MOS,2624.0,-0.030596476402246497,-0.002979823145415228,0.09850087230899417,0.44866153883993537,0.219543829327736,0.30428493200283846,-0.8081624874665703,0.5011432926829268,-0.0036871584509649597
CMCSA,2624.0,0.2639849727318233,0.022753432432354392,0.057412083481079096,0.2635745299564442,0.21782105991260411,0.2816356911863962,-0.5542009076270858,0.5129573170731707,0.041056288647698974
CCL,2624.0,-0.3663498031476886,-0.04287136448469464,0.11948977447368289,0.5678901035632741,0.21041003131404173,0.27042764710683076,-0.9036509572169429,0.5045731707317073,-0.047442393705562524
DIS,2624.0,0.20903270744602875,0.018396900356490775,0.05864556315260047,0.2848278207080162,0.20589829675633917,0.28658480761172306,-0.6071517066401712,0.49390243902439024,0.03030033541088885
LUV,2624.0,0.06899029519046618,0.006427606894853,0.07644149461909136,0.3741838756430511,0.20428858535853092,0.28191083239726883,-0.6475674330117109,0.5057164634146342,0.00992577230908516
SLB,2624.0,-0.023725568469485925,-0.002303330740414,0.07883003495820759,0.4013790085804949,0.19639800107383681,0.2688556580484119,-0.8428505208572441,0.4961890243902439,-0.0027327867556768367
FISV,2624.0,0.06564349072925268,0.006124573024851809,0.061071183994007884,0.316655084077835,0.19286342479502513,0.19499472968610923,-0.801589631030419,0.5331554878048781,0.007640534243162374
FRT,2624.0,0.1598151413001394,0.014340294264265419,0.05593812007023308,0.29007530975447016,0.19283999082024958,0.2563722291884968,-0.5647453702743839,0.5194359756097561,0.02539249548393487
TSN,2624.0,0.1324398703315357,0.012016121009972291,0.05076212911802561,0.27817398782289054,0.18248337853338448,0.23263350157234933,-0.524475017177094,0.5099085365853658,0.022910759552756607
KMB,2624.0,0.18054528001187875,0.016067526379221375,0.0383618586219742,0.21115579936956477,0.18167560984121162,0.23197077475559802,-0.34064854841292525,0.5179115853658537,0.047167458819594735
CLX,2624.0,0.15571194500029084,0.013995111294524687,0.04408128485895021,0.2450493221930011,0.1798873976245147,0.22993779882478524,-0.5634466628380383,0.5274390243902439,0.024838395925591904
STZ,2624.0,0.1279934622307548,0.011633833354419254,0.0480634308770962,0.2690634083448165,0.17863235723045925,0.22434588229687596,-0.5353021469583608,0.510670731707317,0.02173320884387226
ZBH,2624.0,0.1021961342490676,0.009388607792309767,0.049663571275018366,0.28327791802040164,0.17531748193461943,0.22681671645010942,-0.5213542362568855,0.506859756097561,0.018008116438673654
APTV,2624.0,-0.1423157609139828,-0.0146353134552899,0.07124053707351351,0.41041815054551983,0.17358037644977925,0.21922843029793307,-0.7400628761156247,0.508765243902439,-0.01977577031306639
BIIB,2624.0,-0.14930346840866993,-0.015409143482410514,0.06562757358843987,0.41244679662914574,0.1591176707512396,0.24195258034957562,-0.7266041339983014,0.49390243902439024,-0.021207068280245343
IFF,2624.0,-0.0012466491108065192,-0.00011979143712592677,0.04628906813790316,0.30297939764780646,0.152779589956513,0.19134474281124067,-0.5741526473138172,0.5110518292682927,-0.00020864039848352703
ARE,2624.0,-0.07792204513243295,-0.00776074558824702,0.03609522215220563,0.29462668969408495,0.12251171877769736,0.1515003847578132,-0.7792110242073073,0.5247713414634146,-0.009959748190346819
BXP,2624.0,-0.11383175205969209,-0.01153878416652998,0.03871909865148623,0.317301922801715,0.12202604481436495,0.1685005177813485,-0.6359411547150197,0.5163871951219512,-0.018144421195229587
PCG,2624.0,-0.6616855998941658,-0.09884904674591866,0.0687614100895395,0.5840500024979862,0.11773206026101607,0.13640633204110575,-0.9464803919167699,0.508765243902439,-0.10443855740712596
CHTR,2624.0,-0.20134047406083688,-0.02135958077800304,0.039523307983324894,0.34661176394757676,0.11402760117888726,0.14251260001188734,-0.8498069498643559,0.510670731707317,-0.02513462708373049
GIS,2624.0,-0.03195424618091813,-0.0031140184411309058,0.02198006982653687,0.22369389894355166,0.09825958566748154,0.13014864294918513,-0.5963484282152571,0.5152439024390244,-0.005221810427924653
BF.B,2624.0,-0.1175353494851078,-0.011936273713840984,0.027478782275803318,0.2802731846287327,0.09804285169914997,0.12603332915347118,-0.6895060598193945,0.5076219512195121,-0.017311339826320753
NKE,2624.0,-0.2140025351317214,-0.022860422867973296,0.028711953949532236,0.32106155769153644,0.08942818989596249,0.1181509775312948,-0.7611890227588952,0.4969512195121951,-0.030032517790543965
FIS,2624.0,-0.20130436502940063,-0.02135533159781866,0.02429958806284553,0.2990144876285762,0.08126558768292695,0.09508942016761497,-0.724581399085109,0.5179115853658537,-0.029472646723726167
BAX,2624.0,-0.22194052548959298,-0.02381250273581137,0.02031983083799952,0.2948436175557524,0.06891731625887143,0.0786798272749669,-0.8115000754960708,0.5240091463414634,-0.029343808404767874
HRL,2624.0,-0.26875665077084665,-0.029612995362537253,-0.0025952274315428825,0.23420546494803807,-0.011080985800731302,-0.01444551826106748,-0.584604143355169,0.5137195121951219,-0.05065478187099719
PSKY,2624.0,-0.7524674686253241,-0.12548650632427283,-0.012528593805767567,0.4933403890534211,-0.0253954350459859,-0.03442064908943592,-0.9118276905663415,0.5060975609756098,-0.137620854929655
TAP,2624.0,-0.3957140648348887,-0.04722297676023346,-0.007928562161344575,0.28354398757968663,-0.027962370949997126,-0.036784973303992136,-0.6773065647080476,0.5057164634146342,-0.06972171719698136
VTRS,2624.0,-0.5763299259358463,-0.07916668698703622,-0.01453117692434094,0.36595031896514446,-0.03970805918528244,-0.05209072749852293,-0.8285524014717751,0.49428353658536583,-0.09554819568009308
