ticker,strategies,mean_contribution_ann_pct,best_contribution_ann_pct,worst_contribution_ann_pct,profitable_strategies_pct,avg_gross_weight,avg_net_weight
GOOG,28,0.22106094637730603,5.434497781775487,-0.01628913496298856,85.71428571428571,0.020158803968471993,-0.0007649423862435008
EQT,28,0.11575687981745467,3.9154087889992377,-0.2722108192563636,28.57142857142857,0.0024209233195237284,0.0007294086894720274
NVDA,28,0.09746609797154981,0.703632331743118,-0.15102999726982347,64.28571428571429,0.0030116123355551226,0.0014103813886368465
AMD,28,0.07567142507915399,0.4684653637848385,-0.09200174830476314,67.85714285714286,0.0029449902946064982,0.0010950175542983752
FIX,28,0.07149922721551012,0.3292171514582608,-0.03716789827445409,82.14285714285714,0.002611657401655101,0.001274452110289863
MU,28,0.06993820335196792,0.560393901951439,-0.15000036424407334,64.28571428571429,0.0026873595015797632,0.0009260414834457079
LRCX,28,0.05815736712367453,0.3520886433867835,-0.04901229210671749,60.71428571428571,0.002647550206632068,0.0011609676724928287
PCG,28,0.05522653165337511,0.5830337046452579,-0.09172117732784477,46.42857142857143,0.0023416088296312073,0.0006750121562881881
COHR,28,0.052946386419254574,0.2351281170140215,-0.06232480276205053,67.85714285714286,0.002503680452070548,0.0008177417259679242
WDC,28,0.05113259249035288,0.588750974159153,-0.16655444001051026,64.28571428571429,0.0026436107696647683,0.0007608812994370697
AVGO,28,0.04797674756325508,0.2912705355698624,-0.02136258481070257,67.85714285714286,0.0024454916857565476,0.001185644028289449
TSLA,28,0.046270258561756525,1.160024885521037,-0.16337578292599483,53.57142857142857,0.0028176871177058205,0.0009649718457752735
STX,28,0.04584748116996843,0.42506603683501454,-0.16408898242329534,60.71428571428571,0.0025454162735495806,0.0009532728075444301
FLEX,28,0.04488271102167318,0.18553636922092076,-0.08699002225257066,82.14285714285714,0.002294984096137473,0.0009811668033475965
MRVL,28,0.04293486682208413,0.22466049660575427,-0.058753026441642264,71.42857142857143,0.002434338909804942,0.001000041158281647
AMAT,28,0.04115102739376043,0.2879110998642381,-0.0449659321978173,57.14285714285714,0.0025146938133956925,0.0010633559842265074
KLAC,28,0.03825866645731108,0.2734741417648877,-0.03878925480355551,60.71428571428571,0.002457740560087281,0.0011825612893332396
CIEN,28,0.0343098280503537,0.2815129104945516,-0.05335100414480718,46.42857142857143,0.0024733187050576073,0.0008693322740440854
EME,28,0.03238086738325976,0.16737474895884,-0.12258043012624491,71.42857142857143,0.002385459651710224,0.0011252290589281492
ALB,28,0.031789044146684736,0.1225037203522059,-0.03166762668990993,85.71428571428571,0.0024171921525483024,0.0007825870946892344
ON,28,0.03169141459348667,0.14070088381178775,-0.04884325965249364,78.57142857142857,0.0024246508219873905,0.0007856395797927447
BLDR,28,0.0314744602934687,0.1440452544444115,-0.0784944236344741,71.42857142857143,0.0024100517731408225,0.0008411342489396135
TER,28,0.031282076316877995,0.2387922533291953,-0.07994409478433932,60.71428571428571,0.002405629814877637,0.0008814242642388776
PWR,28,0.031059247500088514,0.16197747532347917,-0.04281851006745515,57.14285714285714,0.002454295773735766,0.00114897838055417
CASY,28,0.03086726392524411,0.07778994463696037,-0.046562345002520385,82.14285714285714,0.0023590300276826,0.0010599034501546773
GLW,28,0.03055470253362271,0.16277367702938822,-0.060749524291492094,75.0,0.002172582496208175,0.0007579506148436476
FICO,28,0.029667983539444564,0.18015634779492296,-0.05786107607304569,67.85714285714286,0.002497393299070668,0.0011276565446789702
WST,28,0.02782308980220604,0.15386431777912785,-0.08918390813346527,78.57142857142857,0.0023751113274680133,0.0009313241105857671
AXON,28,0.027717232610993497,0.25822882650582774,-0.07589841994474655,50.0,0.002687636290207296,0.0009818579209493544
FTNT,28,0.02705257732076031,0.15178677073577784,-0.06698686119934617,60.71428571428571,0.0024367283170790787,0.0009892335458642205
DECK,28,0.02604164500938122,0.19841958434187473,-0.0744337182411085,60.71428571428571,0.002570768142368567,0.0010884549329968506
AMZN,28,0.022634818641689574,0.13170800913523414,-0.032983508377217634,64.28571428571429,0.0024039080899355618,0.0010090980395466747
TKO,28,0.022178839981196106,0.17589576452824712,-0.10475407286874658,60.71428571428571,0.002559337141612368,0.0010277322140641906
ALGN,28,0.02205571286629381,0.15624421796224194,-0.1020494198535468,57.14285714285714,0.002442107186768854,0.0007169325741628176
MSCI,28,0.02178502058141361,0.10782153350210374,-0.08772015564416459,75.0,0.0022008116501005598,0.000978263052887295
TPR,28,0.0216373337344833,0.10693214374368507,-0.06370464250470702,64.28571428571429,0.0023025086548689217,0.0007540520258433439
TTWO,28,0.02083005834882871,0.1238703390669284,-0.10937168626872056,78.57142857142857,0.0023573116783138595,0.0009369664481766454
GE,28,0.020824020162626012,0.2097712406885402,-0.08745175498496618,57.14285714285714,0.0025520186077747885,0.0008827928666482096
IBKR,28,0.020760290755589113,0.11603732215122965,-0.06554974222706471,60.71428571428571,0.0024116241325192445,0.0009440562642037967
LLY,28,0.020655624336507302,0.20554214583170996,-0.07256232855794013,50.0,0.002636847891658934,0.0012460442957632407
CAT,28,0.019695296528839768,0.09255807567278021,-0.07022673244447514,64.28571428571429,0.0022909225716667447,0.00098221376087599
MPC,28,0.019693837919176314,0.10069400351453917,-0.1105990623277393,71.42857142857143,0.0025279761715840334,0.0009796355891157516
TMUS,28,0.01917441572330505,0.08827575515232701,-0.11593622697230847,78.57142857142857,0.002273023467548816,0.0009971930729410997
PGR,28,0.019114132789782686,0.09745734963231836,-0.04974876663325848,71.42857142857143,0.0026031511758275038,0.001327956299536721
MPWR,28,0.01901726638788235,0.12289199171164457,-0.07365079203189483,71.42857142857143,0.0024473466817112274,0.0011217763312158984
APH,28,0.018829235493256262,0.10642031111184798,-0.0749536507026614,57.14285714285714,0.0022301785263831846,0.0011110798367036626
NFLX,28,0.01853068891718143,0.1948634269830662,-0.14779144996119584,60.71428571428571,0.002706153328733086,0.0011308765446907405
CDNS,28,0.0184755521600761,0.15481963042707744,-0.0602825152271651,57.14285714285714,0.002305472902324128,0.0010662332050767347
FCX,28,0.018436890260707252,0.1318207757088562,-0.05703690731935135,64.28571428571429,0.002307257518972675,0.0006232470821801837
MSFT,28,0.017853711301397932,0.11626608171879016,-0.06290844001587165,57.14285714285714,0.002382427039076928,0.0012040867074100629
JCI,28,0.017039395847148798,0.10615914372788718,-0.034187749836546565,78.57142857142857,0.002111066732164391,0.0007956589739244863
PODD,28,0.01699553182354403,0.09900893086190311,-0.14368159650124848,60.71428571428571,0.0024370818028396158,0.0008884019701810459
MCK,28,0.016928444108823104,0.11567411130935523,-0.037055274721866295,67.85714285714286,0.002369872874996654,0.0009542917242141253
COST,28,0.016799674102751353,0.1817743916405642,-0.03694113312451561,60.71428571428571,0.0026268592345202644,0.0013816355270591298
TRGP,28,0.016530232290424343,0.1289834397834318,-0.10723473016831497,60.71428571428571,0.002477551126183021,0.0010108552110868248
CMI,28,0.0162296837933588,0.06120170219644065,-0.057658957795229906,75.0,0.002084357109876538,0.0008743880237856905
SMCI,28,0.015791944497951214,0.9810117464744663,-0.4296729973870206,50.0,0.002897012712507401,0.0009767955836255389
SPG,28,0.01564025174132425,0.11329445304544745,-0.048629704184537395,71.42857142857143,0.0021110382383528067,0.0007408194968720019
IDXX,28,0.015168936729166513,0.0866888509868928,-0.07365988772637343,60.71428571428571,0.0023606113488903848,0.000930813484229984
BX,28,0.014974205635466328,0.18568031661930517,-0.04504274313045138,50.0,0.002237857939939394,0.0008027077128767591
BNY,28,0.01471514706623313,0.0778588047321249,-0.052842704817810594,53.57142857142857,0.002183259135349416,0.000867325027453015
ISRG,28,0.014594799627799566,0.10631934102224197,-0.044235535586926535,60.71428571428571,0.002332888388483624,0.0009703918034078754
CRL,28,0.014573821826505653,0.0847045802700357,-0.04915209669039272,64.28571428571429,0.0020626756402429393,0.0005356192452379328
GNRC,28,0.014339264410595288,0.20989992847893343,-0.11641774659429405,50.0,0.0023958682276470065,0.00086101068433016
NEM,28,0.01414940963158876,0.14946949517925973,-0.04637136557901415,50.0,0.0024191888663424063,0.0008475925626880134
ZBRA,28,0.013857929593016476,0.12139280650966129,-0.09013181704633083,64.28571428571429,0.002284106330474611,0.000730201186758514
CTAS,28,0.013852675788595349,0.07656048759864993,-0.07506478142951326,64.28571428571429,0.00237787613253044,0.0011966171711539453
BRO,28,0.013838095222299781,0.15198919675544248,-0.10054678174695779,57.14285714285714,0.002529206152642199,0.001336554295762467
ADBE,28,0.013679803635086947,0.09241276634173799,-0.06937663898036878,64.28571428571429,0.0024100301440597763,0.0008452112275109184
JBL,28,0.013663004138330798,0.16000710065247176,-0.045870472084686795,46.42857142857143,0.002400437028723955,0.0009373711997308683
GRMN,28,0.013454561447692023,0.10427872613619069,-0.07045174377294182,53.57142857142857,0.002276264995600394,0.0010487692657898894
URI,28,0.013272980100395007,0.17347807981322894,-0.11119546027142699,46.42857142857143,0.002327399932181636,0.0008704517229309505
DXCM,28,0.01302164692381357,0.36484452928056477,-0.08079107341706472,50.0,0.002547854508066185,0.0007113180866019018
SNPS,28,0.012997986876790725,0.1311441887757472,-0.09496415482790656,60.71428571428571,0.002341272251076059,0.0010557603666132797
WMT,28,0.012734503304503148,0.10120310283018062,-0.07936150269034584,67.85714285714286,0.002451405989811255,0.001303992165904846
WSM,28,0.012700626294663578,0.12371803641805419,-0.058937109595703877,64.28571428571429,0.0022700380265377115,0.0007601885273852526
WYNN,28,0.012658454290895812,0.13278147432265588,-0.06338813788050975,57.14285714285714,0.002232480788287422,0.00048446325193780517
MSI,28,0.01248064565044452,0.09533610772961655,-0.08324623143854794,71.42857142857143,0.002299216712833781,0.0011883143515028275
RCL,28,0.012216965710254504,0.13694240139263225,-0.08013208543233816,53.57142857142857,0.002387824839317996,0.000828098540660649
INTU,28,0.012137322369326494,0.09291633627452332,-0.05477072714248968,60.71428571428571,0.0021745319729746565,0.00088541644351336
GWW,28,0.011925143088039025,0.06740432894418281,-0.04185927519749281,60.71428571428571,0.002283982520695488,0.0009449900289387827
ETR,28,0.011745742208188465,0.11512473450728128,-0.03801391919888667,64.28571428571429,0.0024127457363388527,0.001203240300879254
ETN,28,0.01159721106779617,0.05827854820268434,-0.0722828813201194,64.28571428571429,0.0020513672331175918,0.0008990811967698189
LII,28,0.01157160510986485,0.11761384627084774,-0.1310242749538069,71.42857142857143,0.002167449570889698,0.00090075202467437
ORLY,28,0.011559703532041457,0.07092606001392876,-0.08575207875736197,71.42857142857143,0.002423193480911558,0.0011704042907723308
EBAY,28,0.011256515339008634,0.04877758209973415,-0.07982588882939957,71.42857142857143,0.002218004764839378,0.0008358558238605273
CPRT,28,0.01124657839386623,0.14537289753652388,-0.08603040582074284,60.71428571428571,0.0024263018398262694,0.0010659019491456403
DHR,28,0.011218636172193985,0.17402688429172714,-0.04672830593770344,46.42857142857143,0.0021262389867934875,0.000782851315926379
RL,28,0.01110507926636364,0.0783591361198781,-0.043361497254910564,60.71428571428571,0.0022751815295097245,0.0007778675739347679
CRH,28,0.010952910855737389,0.09668779573603739,-0.05374659937773242,64.28571428571429,0.002058101369762506,0.0007502955501049587
ODFL,28,0.010783836855711092,0.12390410200062045,-0.07681734306166271,60.71428571428571,0.0023317217058655307,0.0009620724534462269
TT,28,0.01068047509619196,0.10053308842296639,-0.051164803817658935,50.0,0.0022116618949126186,0.0010802261003493316
BSX,28,0.010486769553578733,0.051366317980271116,-0.06705467440130064,60.71428571428571,0.0022505763697108555,0.0009907495163066014
CBOE,28,0.010344342754448994,0.08000510281545545,-0.07995080070468924,67.85714285714286,0.0023455603008073235,0.0011646908500413681
MRK,28,0.010343254782774702,0.06900278274573293,-0.05220989896456891,64.28571428571429,0.0023930530300183025,0.0009481565729922792
RSG,28,0.00990341777100114,0.15439812835268402,-0.06446196036101606,64.28571428571429,0.0026535041510962276,0.001526595534761272
INTC,28,0.009886437013816137,0.22221930860467667,-0.15514218996062965,53.57142857142857,0.002330434762495135,0.0006879257843526345
LHX,28,0.00974459050882622,0.11287338624808631,-0.027914163863634413,64.28571428571429,0.0022462992027066316,0.001037550558927117
WELL,28,0.00935798300512477,0.06901847598674718,-0.06642255228725831,53.57142857142857,0.002469276091415351,0.0011467351289345504
STLD,28,0.009214098731934049,0.12186006428334469,-0.06677057430678943,50.0,0.0023019339543403775,0.0008906723344565681
PTC,28,0.009213061348843527,0.08258325697143025,-0.10260250249599467,67.85714285714286,0.0021348683767095124,0.0006999203591992267
MA,28,0.009130686706652204,0.050825643204661465,-0.0866849515125382,60.71428571428571,0.0021483901338764906,0.0009615186263954161
KKR,28,0.008974424066797021,0.10969947380821356,-0.08415415437597133,42.857142857142854,0.002226007168456802,0.0008566113058346268
PH,28,0.008177577678065444,0.09498834704577891,-0.09754978653765074,50.0,0.0021406517521029814,0.0009448090421959558
NOC,28,0.008169993686334988,0.054615855847635515,-0.05324714693136626,71.42857142857143,0.002295556312515885,0.0010372994638443206
BR,28,0.008023975511137925,0.07741380390462259,-0.056954047142537954,64.28571428571429,0.0023206897918351573,0.0010968322520723136
CSGP,28,0.00792686902485772,0.08816481003842049,-0.08140819959130087,64.28571428571429,0.002214070322640872,0.0007080872932425139
CSCO,28,0.007922275300919728,0.05940535051197555,-0.0863428023939255,60.71428571428571,0.0021621120020698095,0.0009025567544110189
TYL,28,0.007857487328583837,0.08581248960671575,-0.07121687642002289,57.14285714285714,0.0022560963318093053,0.000839870820438041
JPM,28,0.007595719031549832,0.053165495586501445,-0.060264989485822165,53.57142857142857,0.0021853457175108884,0.0009686622899507478
ACGL,28,0.007311005295910638,0.07644610232116146,-0.05560313349612328,57.14285714285714,0.0023065617534240896,0.0009874179762860726
MS,28,0.0073045583060871565,0.07560572843841834,-0.07820437375811298,53.57142857142857,0.002129066687469845,0.0007954313582949174
IVZ,28,0.007176989214207694,0.12251886651253589,-0.03572820510727086,53.57142857142857,0.002059709126521064,0.00031342126613760315
KDP,28,0.0071695247012534945,0.058830236977555864,-0.024901973491263097,57.14285714285714,0.002255511733421234,0.0009003354758413712
GM,28,0.007003370070528319,0.08230088162621077,-0.06004586343683662,50.0,0.002076499617723769,0.0005649514025973366
VRTX,28,0.006883118586772292,0.09581394759860697,-0.0747832376365965,53.57142857142857,0.0023005179149079976,0.00077380044790267
TMO,28,0.006672236501646103,0.06681044680041691,-0.0500474905527876,60.71428571428571,0.0020530354388811106,0.0007499252107766585
WRB,28,0.006552023091793212,0.07876616039294063,-0.048091504857550905,57.14285714285714,0.002350501442509884,0.001184965212679933
V,28,0.006474042383967071,0.07877442555475508,-0.09137688822255183,67.85714285714286,0.002149705042765419,0.0010076869663559348
FISV,28,0.0064061439739772795,0.09123150090238677,-0.06524078273322284,57.14285714285714,0.0021718717048934758,0.0008891445878840078
TRV,28,0.006272530453214972,0.07842815480540404,-0.0571787222290914,53.57142857142857,0.002108125150028024,0.0009645985804110343
GD,28,0.006103003759145277,0.11534481624391765,-0.047516833632546066,57.14285714285714,0.0021557854322203094,0.0009003492252417774
EL,28,0.0060606337998148985,0.060701488806235195,-0.08449582011371805,60.71428571428571,0.0021393532245705697,0.0006291098978382445
NVR,28,0.005857309076205873,0.08044736761032006,-0.1002950781132397,67.85714285714286,0.0021198193949290693,0.0008198982532066471
NRG,28,0.005815417404887787,0.15478099054495695,-0.2086495650222952,46.42857142857143,0.00254957014727934,0.0010021082489059157
AZO,28,0.005770096867025052,0.06271585103049547,-0.06341517926140881,53.57142857142857,0.0023983774258757437,0.0010656860022528476
ADSK,28,0.005639456488149299,0.09569610573839908,-0.06801271306903736,57.14285714285714,0.0020703093747425983,0.0006389017010879149
DE,28,0.005481521424175163,0.06699330804414182,-0.06167953451804281,57.14285714285714,0.002096986734176336,0.0007907433324059403
AJG,28,0.005381211890397331,0.13691175709313913,-0.047161965178880424,57.14285714285714,0.002451738374146548,0.0013132951177453243
PCAR,28,0.005364949120809613,0.09824612232479679,-0.06777730221246557,50.0,0.002089699915254236,0.0007474913003894537
TGT,28,0.005266036639187782,0.08509105720778588,-0.05686970430698905,53.57142857142857,0.002262493814493957,0.0006853125007935078
PHM,28,0.00518621385313117,0.08813030178790521,-0.06669644226318265,46.42857142857143,0.0022068559055386273,0.000820814223836618
STE,28,0.00515680997016405,0.11281523289383487,-0.046625527824311966,57.14285714285714,0.002119184800464475,0.0008926258046636986
TECH,28,0.004980358875196876,0.05502281134483206,-0.0861232967662906,60.71428571428571,0.0021669890374457117,0.0006499766764153852
EXPD,28,0.004738811841203656,0.09584174163054503,-0.03348590830187444,53.57142857142857,0.0018489801290952484,0.000676893727775598
WM,28,0.0047303841777582714,0.1289801240570547,-0.05716154880364113,46.42857142857143,0.0024054522172553133,0.0013541777342061952
ROK,28,0.004642082868280933,0.08504705610158371,-0.03528863073112427,46.42857142857143,0.0020208346693868008,0.0006790609806258378
FERG,28,0.004516441485169905,0.0859843358933973,-0.06959680960757979,53.57142857142857,0.0021060267737801363,0.0009012853144340407
HIG,28,0.004434339617571456,0.06180455110807833,-0.09259450138035086,64.28571428571429,0.0021435922913675518,0.0010178433024642874
ECL,28,0.00387031792661423,0.048224423814102794,-0.05100979666698386,60.71428571428571,0.0020393994203094052,0.0008597044791915268
WMB,28,0.0037884638343442293,0.04710361299480306,-0.07937456448879743,50.0,0.0023325373344762093,0.0008915971046553698
EQIX,28,0.003635485292735316,0.06045076294557247,-0.08174894850608026,60.71428571428571,0.002144443305478936,0.0008533608635290658
ADI,28,0.003583658859326317,0.0539162212014818,-0.06257982394333282,50.0,0.0018688499470604293,0.0006717446585809264
AVY,28,0.0035097942366159487,0.034245082166361955,-0.09158143483737284,67.85714285714286,0.0019248590497807044,0.0006366251207022444
CNP,28,0.0034986897595177114,0.026398324189016074,-0.034787827526023635,67.85714285714286,0.002317222401536108,0.0010364949492045795
NDAQ,28,0.0034009544540211643,0.054364393025998506,-0.06994726440052594,53.57142857142857,0.002227640766044643,0.0010974371523322299
INCY,28,0.0033531480538167607,0.04873254321900884,-0.04770759063892469,60.71428571428571,0.0022575907806371004,0.0005446799684878544
PM,28,0.0030981097179973546,0.046825862040346805,-0.047643988357896405,46.42857142857143,0.0023305384868755282,0.0009340434648511625
CAH,28,0.0030648489662724846,0.0702172039665385,-0.06501075218584168,46.42857142857143,0.002330943429054214,0.0007500599492813073
EXPE,28,0.0030622251996119754,0.07468000075763122,-0.10807938666820784,57.14285714285714,0.0020897676564303833,0.0006078774906653108
TXN,28,0.0030469837358339693,0.0382242725576497,-0.06971185105445789,57.14285714285714,0.0018405557994015333,0.0006559307107947631
AAPL,28,0.0030135134390874554,0.09446828028875552,-0.06816990782566264,46.42857142857143,0.0023643306603027435,0.0010144846851194646
LIN,28,0.0030040722136823452,0.1282610377991364,-0.060763872163313734,46.42857142857143,0.002099357748701988,0.0010108198212059637
TDG,28,0.0029911859775829793,0.05669962914227314,-0.06157426441872587,46.42857142857143,0.0022000314285381653,0.0009878344668432534
L,28,0.0029157859892872985,0.06669242336364412,-0.0550222259082797,60.71428571428571,0.002054157697782874,0.0009611211926233118
ESS,28,0.0027952199082112166,0.04635335472178957,-0.048583881221663766,46.42857142857143,0.0020268380959249026,0.0007243220245090667
BA,28,0.0027800685152190425,0.1054010097054149,-0.09366859133258054,53.57142857142857,0.0022864617235962073,0.0005934513297412306
AFL,28,0.0027726599269169067,0.07366720230896805,-0.0814707170182048,57.14285714285714,0.002263439372097458,0.001179790750024326
FIS,28,0.002746328365337541,0.04236369074581082,-0.030649133420663804,46.42857142857143,0.0020480488563629036,0.0006189188705363153
COR,28,0.002652681389784404,0.09762889531776063,-0.10423822132746986,53.57142857142857,0.0023777118485367836,0.0010496149173000195
FAST,28,0.002614779301988771,0.0624499493685033,-0.08854675012349533,60.71428571428571,0.0020834528762280207,0.0008875250902230208
ALL,28,0.002600597532489046,0.08282610859914039,-0.057818317605869106,46.42857142857143,0.0021653939127875836,0.0010140005311982969
APO,28,0.0025452272136330632,0.0740034715721233,-0.06724180498731323,42.857142857142854,0.0023090457393873044,0.0009750840175941962
SBAC,28,0.002488631466707586,0.06536371123914624,-0.05189892254384289,50.0,0.002220344536632652,0.000709076060408108
TDY,28,0.0024611327543114024,0.059430009961693946,-0.07575600950380519,53.57142857142857,0.002039149459469705,0.0008485606050643513
APTV,28,0.002412069113787315,0.06490136546178098,-0.08401814078914666,42.857142857142854,0.002014132661553665,0.0003806657327516412
NI,28,0.0023956529870592836,0.05476657095572117,-0.07925206101111051,53.57142857142857,0.0023316864202168265,0.0011304043726615477
CRM,28,0.0023267611102687803,0.0838740682492519,-0.06547987607284607,53.57142857142857,0.0022083479820224146,0.000716654295507624
ATO,28,0.0022949062898976096,0.09905201156601598,-0.033377102972419206,50.0,0.002396291383599908,0.001269193123437589
TSCO,28,0.0022422554756484493,0.05858147769626531,-0.0358168684994287,53.57142857142857,0.002166799345061329,0.0007576692475674069
SYK,28,0.0021484862919183144,0.05342347040168906,-0.08166826208409247,60.71428571428571,0.0019373636199747908,0.0007936939291537763
MCO,28,0.001973053693703367,0.052771787734165874,-0.10190875927988285,50.0,0.0021439887562690837,0.0009203915656597767
CF,28,0.00186929534969322,0.09759326651502073,-0.04497924841881524,46.42857142857143,0.002283145950539945,0.0006743423771713821
FDX,28,0.0017758640094971535,0.0660563795394282,-0.05692092298216508,57.14285714285714,0.00214699790268564,0.0006292686143327769
MMM,28,0.0017467191907228074,0.03239976398984801,-0.04841059118913498,57.14285714285714,0.0020056827463658627,0.0006268299021638514
GS,28,0.0016194761149835926,0.08581170424018757,-0.063470786893316,46.42857142857143,0.002127327428903675,0.0007505000082278513
SWKS,28,0.001560951151312665,0.0503005577836493,-0.059538148505482925,46.42857142857143,0.002049417276247168,0.00026532116528670127
CSX,28,0.0015193119792252829,0.06753573922920263,-0.1015534094565223,39.285714285714285,0.0019581313017626918,0.0006240040320675988
CMCSA,28,0.001517512119062697,0.05766902216625763,-0.12318040694545648,42.857142857142854,0.0019082038063201342,0.0004712825057178304
COF,28,0.0014352263467549218,0.09786688019731374,-0.0601091862133079,42.857142857142854,0.00202206264154186,0.000571083631834219
MCD,28,0.001266740097844579,0.04552012723687277,-0.05809532191277601,64.28571428571429,0.002381433077335579,0.0011854577142037456
ULTA,28,0.001203842270500438,0.08330209170680133,-0.05333981916282082,42.857142857142854,0.0022299687365625403,0.0006840507489197262
SPGI,28,0.0011372817489520221,0.08713058167337835,-0.08317683993047185,50.0,0.002186802045807435,0.000983000812468935
VLO,28,0.0009739447992675967,0.11354756091491967,-0.08635778263562294,46.42857142857143,0.0024582259805869737,0.000892366192095806
CINF,28,0.0009299544944276501,0.04030003408261708,-0.05856083442258532,50.0,0.002138991812800851,0.0009364214826844229
JNJ,28,0.0008710080101606211,0.1162314617580218,-0.052264109567265286,42.857142857142854,0.0024292757777510067,0.00106898142746708
TROW,28,0.0008383624980274776,0.043996591937804586,-0.07781541579536409,53.57142857142857,0.0019277799827216973,0.0004623008779411794
REG,28,0.0007631090063911643,0.08677274809284864,-0.07993672212353212,50.0,0.0020088888796103307,0.0007346438080499884
SWK,28,0.0006988268826646887,0.04742553547451898,-0.03930952388133903,46.42857142857143,0.0018776282242387583,0.0003329474136332496
CI,28,0.0006327126600154971,0.061028837250207156,-0.08290780691961638,50.0,0.002020051408031415,0.0006596559036509184
RMD,28,0.0006174382460933968,0.06195663970495998,-0.06526553377463898,50.0,0.0021642348114281106,0.0008480687700334717
LULU,28,0.00056179142270709,0.12194181264383909,-0.08974552260831961,46.42857142857143,0.0024582061013174216,0.0007763130300943553
ROL,28,0.0004898715723931141,0.10497581230373879,-0.07045363032712099,53.57142857142857,0.0022749183299951643,0.0010129529471780492
ABT,28,0.0003670904997564581,0.07347482463858676,-0.062081710708302255,42.857142857142854,0.0021709879252986,0.000855269419880779
SW,28,0.0002980541530325922,0.2610770719226346,-0.443552404508992,39.285714285714285,0.0019238207239242568,0.0006920784890086899
CB,28,0.00025579605569683574,0.07074555347662233,-0.04257232295332992,50.0,0.0021417687821987533,0.0010097221111701087
HSY,28,0.00010548597818803766,0.07974626452954697,-0.049156872296649265,53.57142857142857,0.0024024579956608777,0.0009514453994699956
LYV,28,7.88999679646812e-05,0.08420157785734299,-0.06228404907735467,42.857142857142854,0.002199846657001079,0.0008939113667893293
A,28,5.95164959615002e-05,0.07329817420607346,-0.08076002429815732,35.714285714285715,0.0019953891476356647,0.0006213175763762763
CHTR,28,3.8934885476558135e-05,0.06057256235129961,-0.10081388957530263,46.42857142857143,0.0023136635821468968,0.0007204390127178717
IRM,28,-1.2287227657021575e-05,0.046004574418140445,-0.0947828852993575,50.0,0.002203239897730572,0.0008804493356063537
BLK,28,-1.795902806980881e-05,0.07733816755077486,-0.06628861284824102,53.57142857142857,0.0019749882742887597,0.0007149010735059901
OKE,28,-0.00011679322219780165,0.0757558106220803,-0.07257736102652872,50.0,0.00218423414236122,0.0009108174362241052
MAR,28,-0.00017342226462506487,0.045450788754980515,-0.05085022864152933,53.57142857142857,0.0020554998237043705,0.0008224950156417623
PKG,28,-0.00017496570080021982,0.0369926558680179,-0.09047077023418988,53.57142857142857,0.00195529489968071,0.0007703293515995595
STZ,28,-0.00032230226145591167,0.040555430975605745,-0.08859814736747307,50.0,0.002057471996234431,0.0005977426434274362
VMRK,28,-0.00032327334249958664,0.059422116521856715,-0.04855418748394199,46.42857142857143,0.0020237796605254593,0.0007031332362990731
O,28,-0.00038892043847364363,0.04002621478573792,-0.059538604681477855,53.57142857142857,0.002214596099947164,0.0008097812485688722
PLD,28,-0.0005601727311258621,0.08467369591637727,-0.040852215944760274,46.42857142857143,0.0020924215986252446,0.0008459786296122236
TRMB,28,-0.0007617133910030711,0.03751158495617433,-0.043355417530124875,50.0,0.0019796234815944577,0.0005415402303541929
TEL,28,-0.0007819690086134001,0.04369417888824101,-0.09247806970743158,53.57142857142857,0.0018706000471440001,0.0006906878153625607
PNR,28,-0.0009102359833947717,0.03494958848852502,-0.05625938966656362,42.857142857142854,0.0019952028253127107,0.000641662949457881
DG,28,-0.000970969695419545,0.09392191437043043,-0.0702212456662587,53.57142857142857,0.002432266307345803,0.000962925235395895
JBHT,28,-0.0009771370925135132,0.04973666301985822,-0.04815300403437564,42.857142857142854,0.0019730352629513856,0.0006015716404082132
NDSN,28,-0.0010357369890159065,0.05816728413194724,-0.07727775090915648,39.285714285714285,0.0018911980812709908,0.0006093017973745699
ADM,28,-0.0010530268593847603,0.05382049694309392,-0.07121552257794046,42.857142857142854,0.0021238454256238964,0.0005430709970711909
BKNG,28,-0.0010980659670511803,0.040217242492918984,-0.048314391090683605,50.0,0.0020791323198275317,0.0007195078870994686
BALL,28,-0.0011671937060495998,0.028734674785849866,-0.06386902775814858,53.57142857142857,0.0020596992640348724,0.0005412830101692578
TJX,28,-0.0011949130762233507,0.07540470450482348,-0.07138034969523052,42.857142857142854,0.0022241189143179262,0.0010158076229664376
VRSK,28,-0.0012491286244221912,0.04744759785376613,-0.05236009454337805,46.42857142857143,0.0023714295717899283,0.0010860009811322752
YUM,28,-0.001277176981477236,0.028288994304138764,-0.039148432785762216,46.42857142857143,0.0021173572193244014,0.0010084814646446143
MRSH,28,-0.0012971341500220915,0.1015239203848996,-0.03812335884757694,42.857142857142854,0.0022308890139371416,0.0010976964642879373
ORCL,28,-0.001399728568606333,0.057055138334282135,-0.057248583972894826,50.0,0.0021556192060239875,0.0008320365456251117
EVRG,28,-0.0014100458579381998,0.06791667938788784,-0.060160959125489404,32.142857142857146,0.0024678959600068556,0.001146249947260637
NTRS,28,-0.001516597326593118,0.08778879228497312,-0.04381747304196584,46.42857142857143,0.0019036131822668992,0.0005195827109778839
EW,28,-0.0015325749162837367,0.06259640269398534,-0.10329159819308983,50.0,0.002077607789470065,0.0006496986463849508
PG,28,-0.0015616274421883934,0.07055349957836718,-0.0483361375533345,46.42857142857143,0.0023680993605261374,0.0011042764588620937
TXT,28,-0.0015685547760243396,0.05234100535806966,-0.05607229353122357,57.14285714285714,0.0018957729482731312,0.00048826296716465543
HCA,28,-0.0015954998804335364,0.04978790321935369,-0.04728975258783657,32.142857142857146,0.002122503467392818,0.0008472855538486496
KR,28,-0.001603346552139248,0.10082604585722647,-0.048687916495745706,35.714285714285715,0.002289699600400752,0.0008805913895265534
ECHO,28,-0.0016474401716324299,0.11353645711013598,-0.48404494671565707,50.0,0.0023599521436566545,0.00047672918952643405
AXP,28,-0.0018704982772423902,0.04110468034169543,-0.0649841750044295,53.57142857142857,0.0019898133359817854,0.0008419388120585245
BEN,28,-0.0021482012342344116,0.03937607564674959,-0.056948352410437705,46.42857142857143,0.0018994840856682259,0.00024985173160585705
CHRW,28,-0.002201908960420619,0.055722702053774664,-0.05230337403807986,42.857142857142854,0.0021142009517892933,0.0007305507062038409
RTX,28,-0.0022233120408184748,0.05112909855687764,-0.09336658819909861,39.285714285714285,0.0021331677202639514,0.0008856863304149946
NXPI,28,-0.0023010271297436206,0.0675391654673962,-0.08636069202789771,35.714285714285715,0.002001614661544341,0.0006243658703450041
SNA,28,-0.0023735854113616727,0.05553121686561021,-0.0770585046978158,39.285714285714285,0.0018078421647550623,0.0005171537140559501
KMI,28,-0.00237467150213556,0.038877150611050265,-0.0859884199415763,50.0,0.0021320359287328185,0.0007703539136058498
MAA,28,-0.002375531989034145,0.037784612127799794,-0.08084816298471795,35.714285714285715,0.00226623072341079,0.0008868056080656544
ELV,28,-0.0023833905804775163,0.06500902718150847,-0.10746225867636595,53.57142857142857,0.0020796404596641923,0.0007515158763438029
UNH,28,-0.002409464470831151,0.11292592592522263,-0.05114290689331105,28.57142857142857,0.0022843514978078774,0.0010128990537219627
GIS,28,-0.0024115567313702712,0.0496727114512059,-0.03889639452543518,42.857142857142854,0.00242812461668621,0.000710663971655082
GEN,28,-0.0024378642769797123,0.06832756439334028,-0.07220810750530764,39.285714285714285,0.0022336111582711995,0.0007096027016732807
NEE,28,-0.0025220891263273123,0.04942848280285907,-0.07275193343969866,50.0,0.002324731933749359,0.001117762981303099
SCHW,28,-0.0025337830922406404,0.050889688717368216,-0.07031562743109337,42.857142857142854,0.0020871276461319347,0.0006430339129526251
KIM,28,-0.0026556378084449327,0.03329556074490134,-0.05524082556847679,42.857142857142854,0.0019875820082430186,0.0005478196784091334
CBRE,28,-0.002698627490697906,0.06283591720304231,-0.07263694431169418,39.285714285714285,0.0019998039990154265,0.0006875378898456844
EG,28,-0.0028947901192249263,0.05382459767480335,-0.07942059405347246,46.42857142857143,0.002034846532678761,0.0006288330166232415
RVTY,28,-0.00294099287609101,0.06276971759022486,-0.04842611824633819,39.285714285714285,0.0020111186165913788,0.0005066526178102735
NTAP,28,-0.0029819141361240044,0.09768247637356943,-0.13358287364159577,46.42857142857143,0.00227273929236941,0.0007689326136917145
EXR,28,-0.0030203437882985146,0.05449209761340494,-0.0852964219434689,46.42857142857143,0.002121038589873318,0.0007544518152938142
AME,28,-0.0030530602426998266,0.03263907151128185,-0.053801569879141836,39.285714285714285,0.001884800923861734,0.0007980488953555408
DHI,28,-0.003074714156701888,0.07454161507077349,-0.0575043066386699,35.714285714285715,0.0021800768223934385,0.0008038963898676259
VRSN,28,-0.0031230522376447037,0.049145907820076856,-0.08227198067591909,35.714285714285715,0.0023038811391440767,0.0008933980965269763
AEE,28,-0.0031570196755157033,0.09573694647481108,-0.04818249102104495,35.714285714285715,0.0023633051726907467,0.001212455499501101
RF,28,-0.0032261435355119207,0.07845830923533179,-0.06826879162370421,35.714285714285715,0.0019886170992349786,0.0006042063205108299
XEL,28,-0.0032318820671208806,0.06690981221670467,-0.06733148007838981,39.285714285714285,0.002410164190206842,0.001151368925090052
AES,28,-0.003239647669989575,0.0739149577289967,-0.07501796470743367,50.0,0.0021955363126371545,0.0005621467830794825
BRK.B,28,-0.00324289969544497,0.11494415697126154,-0.03829680138037458,35.714285714285715,0.0022288125131875976,0.0010311579548013504
ADP,28,-0.003284270531664783,0.04917372331061301,-0.08179867415183466,50.0,0.0021372659342762347,0.0009062683123329556
AKAM,28,-0.003304426253787357,0.054154076395733226,-0.07405004654147097,50.0,0.0022475803713216578,0.0007166014452567348
FFIV,28,-0.0033484363213651023,0.05333452915102626,-0.08819867329055696,50.0,0.002173993766832129,0.0007160434523363308
KO,28,-0.0034082986969501032,0.10086242538634227,-0.04593986942841732,42.857142857142854,0.0023212542929954157,0.0010995829196529187
SO,28,-0.0035517650473907794,0.09880392638326578,-0.05035058423383418,32.142857142857146,0.002402800330076596,0.0011858695125728565
C,28,-0.0035745552603666728,0.06673475346084816,-0.08167953446074794,35.714285714285715,0.00215250935333952,0.0006812279269210067
PFG,28,-0.0036165732646441296,0.03505491686808087,-0.061947929082461724,57.14285714285714,0.0019375698495030778,0.0005141327442795169
XYL,28,-0.0037113536905406014,0.08792168737396615,-0.05427756522977834,42.857142857142854,0.0020515721063302807,0.000742639785394863
ITW,28,-0.0037887285762318026,0.05358919885417812,-0.04580982126410842,50.0,0.0020090417807126387,0.000837334402177855
BAC,28,-0.0038132398327598736,0.06408619108652015,-0.0948333980520379,39.285714285714285,0.0020262102333291365,0.00065099206668297
HUM,28,-0.0038643484511809803,0.05873435572923754,-0.08996460484068065,42.857142857142854,0.002211407931092489,0.0006623256690713913
UNP,28,-0.0040367658410863285,0.03050534981274185,-0.05447483226853424,53.57142857142857,0.0018935244861668715,0.0006740109561180431
OMC,28,-0.004039295089737186,0.05244058988438255,-0.09629662945284286,42.857142857142854,0.0019123514657520997,0.00045878710639984976
ERIE,28,-0.00415673004214276,0.1004300214895437,-0.1049103213020547,50.0,0.002509795106410158,0.0009964733976575884
FE,28,-0.004177957555526166,0.07085471347363097,-0.03649322332219586,32.142857142857146,0.0022597509482088387,0.0010031761650521167
IBM,28,-0.004249359330256889,0.05300335561334213,-0.040544739349011684,39.285714285714285,0.0020904736217811385,0.000710761223396773
BBY,28,-0.004262074428807972,0.10265363105857488,-0.09064352939025011,46.42857142857143,0.00203191461681096,0.0005151931551188113
PAYX,28,-0.004271763935168211,0.04610969248913742,-0.048970000802610596,39.285714285714285,0.0020667226859436153,0.0008103250787261597
DPZ,28,-0.0042873016837780935,0.04297846833113648,-0.10031725571901869,42.857142857142854,0.0023266242644771765,0.0008756698324405651
PEG,28,-0.004302973624813501,0.037161783415358904,-0.07471621145348603,35.714285714285715,0.00216988722670373,0.0010026202204225566
WEC,28,-0.00443883029048039,0.07113503806845546,-0.0653408381674958,39.285714285714285,0.002420860811073036,0.001196987513177476
CPT,28,-0.004452376380060865,0.04079704690304555,-0.08171975997438789,46.42857142857143,0.002145707649579027,0.0008364139351391644
ROST,28,-0.00466454189159607,0.08158146830475346,-0.12129828395984724,39.285714285714285,0.002098243130087076,0.0007785218345796578
GPN,28,-0.004721889995095008,0.0409006744501814,-0.05222201983340574,32.142857142857146,0.001985344104924469,0.0004554615320079464
IT,28,-0.004734128252878334,0.07637246471891423,-0.08797084869990196,46.42857142857143,0.0020687888271470768,0.000739625072527619
AMT,28,-0.0047629650518649725,0.0824962486835804,-0.061896081864136594,42.857142857142854,0.0022297196105456984,0.0008241919290961875
CL,28,-0.0049131287543765665,0.05604679562871113,-0.08180950827837839,46.42857142857143,0.0021247922653428344,0.0007925906003223808
MO,28,-0.004924872186057099,0.10591868673038195,-0.05288224084407665,32.142857142857146,0.0023584707670023524,0.0009403584589771597
HST,28,-0.004977600384621776,0.04378758911021116,-0.08238446302357573,42.857142857142854,0.0018107704397168137,0.00032301553933126987
CMG,28,-0.0051054576564720485,0.11053248272218574,-0.09660013925645249,35.714285714285715,0.0024637859075018385,0.0008770699998278452
LNT,28,-0.0051128384352771995,0.0667581698538733,-0.04587292128851072,35.714285714285715,0.0022275783032446998,0.0011094835207428738
FRT,28,-0.005164713625876783,0.07827798696811733,-0.05941450668630157,35.714285714285715,0.001997860271567003,0.0005312918083156817
GILD,28,-0.00517098927977362,0.07595430474166971,-0.1462096543391928,50.0,0.0022800395909700253,0.0007295732935804531
DVA,28,-0.005226568444841192,0.09463631710576774,-0.06121556360817436,39.285714285714285,0.002180054911788802,0.0006584581660636975
MGM,28,-0.005256174592203435,0.041069855021424906,-0.05704816259566719,39.285714285714285,0.001987136079896988,0.0004212647621796136
LMT,28,-0.005419885776620349,0.055448215463670084,-0.06727609591578902,39.285714285714285,0.0022786987720865154,0.0010147132271174232
XOM,28,-0.005453827539722696,0.03492633872483707,-0.03862951457383698,35.714285714285715,0.002177828894931569,0.000678940849550485
CME,28,-0.005480763391038332,0.11214446752048042,-0.17325753700667246,53.57142857142857,0.0024588472787632,0.0012450805839067688
BAX,28,-0.00548380707982917,0.03009750368330528,-0.07031996454095914,39.285714285714285,0.0021283549629771948,0.0005621044328372692
CHD,28,-0.00548718154842459,0.04170538360452544,-0.06835233499503358,53.57142857142857,0.00233559018187847,0.0009578563494087539
DUK,28,-0.005535656936861459,0.06272607117113853,-0.04926332313091424,35.714285714285715,0.0022682307665737172,0.0010717890890246014
HUBB,28,-0.005554489646944645,0.03623353929445804,-0.05941509693178049,42.857142857142854,0.0020118168019306894,0.0008012804258538654
GL,28,-0.005558372717053385,0.08823272217954788,-0.18255037717595235,53.57142857142857,0.002101903686813888,0.0008373950848847811
ICE,28,-0.005601549372079253,0.088832366964635,-0.07250882334495289,28.57142857142857,0.002187113577401266,0.001077192746343569
DRI,28,-0.005758932169562758,0.0599281935709978,-0.04437327042204252,28.57142857142857,0.002063149511390282,0.00078572805165706
UDR,28,-0.006017296283597105,0.05701178833936728,-0.0516733767747812,39.285714285714285,0.002048993011579994,0.0006955704274750034
ROP,28,-0.006021613881836295,0.04279308987105141,-0.0782457706385015,46.42857142857143,0.0020487295004309337,0.0007993613379807371
IEX,28,-0.006146891541302005,0.04497593008448323,-0.07571685484210841,32.142857142857146,0.0019846535058264544,0.0006737041856980191
VZ,28,-0.006154594920989429,0.024907077476518446,-0.03664168426198974,28.57142857142857,0.002260024602392898,0.0008007996275378118
STT,28,-0.006187086283237939,0.057185795220177395,-0.06634648854014008,42.857142857142854,0.002083907806532317,0.000593596649360203
AWK,28,-0.0062238858923948205,0.0782843035555398,-0.07000013063149249,28.57142857142857,0.002231430995033874,0.0009433775485480741
HPQ,28,-0.00626738945955044,0.047421448202266826,-0.08597445796016247,39.285714285714285,0.0019040728053532495,0.0005201183554180565
CVX,28,-0.006379550535343511,0.07344121820174096,-0.07267439105317806,35.714285714285715,0.002010220432020585,0.000648081768034942
T,28,-0.006448181389147646,0.026077466809374457,-0.056395728956610394,32.142857142857146,0.002328120631209953,0.0008452423755997259
EXC,28,-0.006531249797808712,0.051691718314196555,-0.06307990825654182,46.42857142857143,0.0023379126936081984,0.0010209779701985324
AIZ,28,-0.006712940029550238,0.03415436890878715,-0.049281252208215096,39.285714285714285,0.0020898684856011664,0.0008702622714036285
WAB,28,-0.006840540305291886,0.043519930728916176,-0.07213978952870596,35.714285714285715,0.0020758725570176823,0.0006926491609522793
AMP,28,-0.0068713184824016485,0.041640334161810295,-0.08452326606973636,42.857142857142854,0.0020363562749357443,0.0007540872960179074
NSC,28,-0.006881680322572688,0.04024388228302867,-0.06578822786990256,35.714285714285715,0.0018925500167477438,0.0006713734130733095
NUE,28,-0.007077532483969384,0.06372385734461558,-0.09088867078090644,46.42857142857143,0.0021331058069152167,0.0006028901895572992
CPAY,28,-0.007098877330685217,0.046593029514786256,-0.08041703113276326,42.857142857142854,0.002028281740745646,0.0005716828557165364
MOS,28,-0.007155764156188524,0.04937699761731336,-0.08170177263754236,39.285714285714285,0.0022251343467337426,0.00048668445472267724
OXY,28,-0.007237067144890074,0.07792781503865644,-0.138913631304151,39.285714285714285,0.0022419335877948256,0.0005052532360639007
LDOS,28,-0.007317129518332402,0.07217276770495729,-0.06360892478653948,39.285714285714285,0.002189040231255648,0.0009549805971888233
MNST,28,-0.0073439099606866665,0.20951859465125944,-0.21533978778042973,42.857142857142854,0.0021804191887640698,0.0007586702492578737
LEN,28,-0.007344093818400707,0.04965282111344355,-0.073089126446002,42.857142857142854,0.0021421369996398416,0.0006190832539291887
TAP,28,-0.0076206098352860985,0.020977627364106723,-0.07157728137538126,46.42857142857143,0.0020432642095174047,0.0003390411670605619
BG,28,-0.007687604889780088,0.10481789946638181,-0.07604335557303835,32.142857142857146,0.002152538566622826,0.0005668615592808611
PEP,28,-0.007726814067237115,0.05206097846269134,-0.05445424370651899,35.714285714285715,0.002282040095963404,0.0009306463537614321
COO,28,-0.0077652341888463025,0.02557306516064348,-0.08311251320661431,39.285714285714285,0.0019233956081328297,0.0004990537648535215
PPL,28,-0.007787464976579618,0.026401172230834664,-0.07296052035392186,35.714285714285715,0.002214570072187369,0.0008924192377365156
VTR,28,-0.007801670427688394,0.06135670386346185,-0.07430006830900274,39.285714285714285,0.00218844691842078,0.0006930740132221788
WFC,28,-0.007836592763082252,0.028629626925377284,-0.06764507899181524,35.714285714285715,0.001976321599834581,0.0006011642525623657
CCI,28,-0.008069635513658437,0.07169556448134551,-0.06020038906935175,42.857142857142854,0.0021233860064345353,0.0007335588571068085
BF.B,28,-0.008071436744411619,0.031998533564663215,-0.08235521113827651,42.857142857142854,0.002079354838572205,0.00048716639352245635
HII,28,-0.008079585034857343,0.0635157602148972,-0.06945693763668413,35.714285714285715,0.002126168307316171,0.000768652290233463
PNC,28,-0.008099069029784895,0.0486392805010918,-0.08497426866285723,35.714285714285715,0.0019298076253501599,0.0006404122636743322
RJF,28,-0.008250385585118437,0.040398246929154266,-0.06720573364430693,35.714285714285715,0.0019671624533102515,0.0006786778975182319
AEP,28,-0.008425611845583806,0.06364242306724524,-0.08276072434623839,35.714285714285715,0.0024705861803106946,0.0012165689543582065
HON,28,-0.008698521788453605,0.058431123800833096,-0.0726272639335549,32.142857142857146,0.0019166969969044681,0.0007313726102741958
PNW,28,-0.008699408584029669,0.025615094032033475,-0.053648813431732834,35.714285714285715,0.0022683317064634283,0.0009554288057756301
MET,28,-0.008724203439517879,0.053077976344000924,-0.0590800960775326,42.857142857142854,0.0018434749096746846,0.0005142962311357735
ES,28,-0.008801394394616049,0.03886566220495879,-0.06294630671079851,35.714285714285715,0.0022083067512492557,0.0009156492426714917
PRU,28,-0.008854723759806999,0.03972732200637647,-0.059396287074833166,35.714285714285715,0.0018397506446788464,0.0004383076272538993
MDLZ,28,-0.00891519235931709,0.03484210777740173,-0.051511389536257314,39.285714285714285,0.0021615391919649835,0.0007783791502117225
MLM,28,-0.008978692831945351,0.0396121472635812,-0.04633699319436238,25.0,0.001980079841068437,0.0007250101010848262
NKE,28,-0.009022062775072405,0.043873051755211674,-0.06698920795806194,42.857142857142854,0.0020456013172402187,0.0004252789651165839
DD,28,-0.009266614544513547,0.020513245014307513,-0.05601694361384868,39.285714285714285,0.0019047640888827256,0.0004860742201776881
DOV,28,-0.009331210147446579,0.037206997101613314,-0.062031564123958265,39.285714285714285,0.0017730025582655613,0.0006778142226231868
DTE,28,-0.009361965076993503,0.026270474261372048,-0.06547000013052773,32.142857142857146,0.0022280897522078953,0.0010520610138118195
WBD,28,-0.00941342374292631,0.07757712128085922,-0.13347155616695333,53.57142857142857,0.002352304136563576,0.0004524230644782482
ACN,28,-0.00942967096619871,0.022396187784591043,-0.048223186139904124,35.714285714285715,0.0020312068776957176,0.0007169839772612517
BDX,28,-0.00943331603028741,0.04269356176506244,-0.05919220243151671,35.714285714285715,0.0019939534035105597,0.0006419654332903884
SHW,28,-0.009572003831166737,0.0319545503931758,-0.05722292304484509,25.0,0.0020418770001209697,0.0008545680320306847
MCHP,28,-0.009678829236674092,0.03768200716553122,-0.05470080059579896,35.714285714285715,0.0020545708764665915,0.0005855871674383526
FITB,28,-0.009717068361521386,0.06312508393416191,-0.09013602841443609,39.285714285714285,0.0019650911210244725,0.0006045208537764095
CMS,28,-0.009724570187954024,0.0609836620431972,-0.04813436287561583,32.142857142857146,0.0023073578579810056,0.0011312136788440028
AOS,28,-0.009780249509760234,0.047386267117418786,-0.07287762688621134,35.714285714285715,0.0019490149651973949,0.0005404626975371896
REGN,28,-0.009872499688994183,0.11793283363594471,-0.05379340864352258,28.57142857142857,0.002367349083813063,0.0007085945573337043
MTD,28,-0.010159403491473316,0.04677529030446869,-0.08816404945723427,28.57142857142857,0.001982561051931991,0.000634061968903265
APD,28,-0.010178598746963608,0.05157733271739591,-0.04939292616516128,25.0,0.002039413291020943,0.0007338986963261633
DGX,28,-0.010524473370214936,0.023357924439853326,-0.0466393698708289,32.142857142857146,0.0020775733837468105,0.0008775754568223543
AIG,28,-0.010534552994354508,0.015201690185793917,-0.043384941266769485,32.142857142857146,0.0019629970527457155,0.000610361461145813
EFX,28,-0.010689278679024241,0.034324357562163045,-0.0978186642834519,42.857142857142854,0.0020803335343531518,0.0005304608511883078
WTW,28,-0.010745114605097084,0.0926412547267308,-0.06313892346564914,32.142857142857146,0.002017157942680689,0.0008464387575453065
DLR,28,-0.01085106370159521,0.024485231423295232,-0.07195903034013887,28.57142857142857,0.002139427034079831,0.0008404768329818553
LH,28,-0.010911471097228552,0.032220063407689396,-0.06592721433789286,32.142857142857146,0.0018190472122625418,0.0006353422220748349
SBUX,28,-0.01100307522059457,0.024612386022874355,-0.06783103875641364,28.57142857142857,0.002030006050656577,0.000565538370638168
ZBH,28,-0.011140069688320616,0.031676163295096524,-0.04294314423839948,32.142857142857146,0.0018252073409839077,0.00025204958317489917
SJM,28,-0.011290416470078807,0.051926540808849286,-0.059691026009934416,42.857142857142854,0.0021423951286987223,0.000558366984666765
CCL,28,-0.01135186599109122,0.041041623480489696,-0.10433440453674453,32.142857142857146,0.0022493335229201885,0.0005941561357750827
JKHY,28,-0.01141577253019042,0.05797292898811064,-0.06142042053002461,28.57142857142857,0.002242496829477057,0.000916135607766114
IP,28,-0.011472125087331569,0.023108698384687484,-0.07395020596816351,39.285714285714285,0.001930866949250171,0.00036519880410030935
UAL,28,-0.011771223245620676,0.1078935860314561,-0.10047919048966081,39.285714285714285,0.0022432479182651704,0.0006063331702804274
GPC,28,-0.01179486288131541,0.03204883174241937,-0.0603276641637322,35.714285714285715,0.0020597977202321226,0.0005038933415804546
HD,28,-0.01193063847941529,0.05339357250909537,-0.05534685618473244,25.0,0.0019622676958657662,0.0008126941212890928
LYB,28,-0.01202670391538577,0.036202660256926096,-0.10644951267113308,32.142857142857146,0.0019083950760780757,0.0003631512717188913
J,28,-0.012028884886458202,0.03612017889962873,-0.051810957269962786,32.142857142857146,0.0018481893694232245,0.0006556830525357908
DVN,28,-0.01212323168267834,0.10750191049086787,-0.15371370478734575,50.0,0.002365688412561792,0.0004971421710737269
MAS,28,-0.012245800888033436,0.034690087757074925,-0.05651039629954705,28.57142857142857,0.0018980112690007067,0.0005719140243916303
SRE,28,-0.012304614215129798,0.028520164832110784,-0.06409200990402594,35.714285714285715,0.002093797636008378,0.0008503924454848898
ARE,28,-0.012390564662077429,0.01445909670176312,-0.050303899029092165,35.714285714285715,0.002014008923231014,0.000579909386928608
ED,28,-0.012647027616100846,0.07581488151687427,-0.05267344301127688,28.57142857142857,0.0023642273645606096,0.0010873351904638901
CTSH,28,-0.012659369500317735,0.024130188478203286,-0.07578235657621028,28.57142857142857,0.0018956992504956481,0.0003886400089397855
COP,28,-0.012734984762511253,0.04415106186151445,-0.11293624805191788,35.714285714285715,0.002308644851556754,0.0006429751998341992
MKC,28,-0.012753353677525867,0.03624860540120662,-0.059329385313812495,25.0,0.002267156241666737,0.0007672585799104033
HBAN,28,-0.01276456419766149,0.06151368281196784,-0.07350805740460799,28.57142857142857,0.0018394287932530068,0.0004722165544848563
AON,28,-0.012936660295992384,0.0315092063181733,-0.059723991277298445,28.57142857142857,0.0021196675556625424,0.0009685945044760415
TFC,28,-0.013312948598372901,0.027404911408449008,-0.0773581133002531,32.142857142857146,0.00184858873285497,0.0004990708991962319
FDS,28,-0.01332099142741097,0.03935859582081049,-0.051066913208080315,10.714285714285714,0.0020724225589093936,0.0006903022724306143
MTB,28,-0.013409891930684068,0.05300330619832297,-0.07302648613591249,28.57142857142857,0.001964413073168758,0.0006012924339580222
KEY,28,-0.013849034936037303,0.07032295980395263,-0.10919166979718889,39.285714285714285,0.001974030637066955,0.000523834700528831
CNC,28,-0.01392076667109913,0.09540205056669111,-0.1229470191678517,35.714285714285715,0.0022137018039639573,0.0006426995304604905
MDT,28,-0.014041495127158974,0.01768576853693654,-0.04708039907212723,14.285714285714285,0.0020116723361928443,0.0006442176760964727
PFE,28,-0.01405495126212901,0.04715806183968101,-0.051822205795226485,25.0,0.002108916286242243,0.0006171848489877257
WAT,28,-0.01405937881755931,0.04468443180812785,-0.07380234295467535,25.0,0.001911177348832285,0.0005305826488250203
BXP,28,-0.014188501043726395,0.03320898880094469,-0.07158120175155684,28.57142857142857,0.0019240004130334086,0.000334158974410944
BIIB,28,-0.014270034963981259,0.06284638160918735,-0.12318926811109596,32.142857142857146,0.002167855352178498,0.0004341431962608838
PSA,28,-0.014270944410907047,0.04563448076963714,-0.08934060745620362,39.285714285714285,0.0021316631192315485,0.0006914293296607381
VMC,28,-0.01431081012711076,0.018703457825389746,-0.07763176132619028,25.0,0.001846683004853714,0.0006384856651448777
TPL,28,-0.014414901873913305,0.1567808148080209,-0.268540883254143,46.42857142857143,0.00255089979390814,0.0009086811023403136
D,28,-0.01442377981806665,0.044370310838314844,-0.10026754292195357,28.57142857142857,0.0020953197170931396,0.0008113929081862444
KMB,28,-0.014461510067600316,0.045941976253240716,-0.07610858246431187,25.0,0.0022204376998769117,0.0007444647140573917
UPS,28,-0.01456898228936961,0.058587154096732735,-0.06452402091876026,28.57142857142857,0.001958858062149725,0.0004315552321547467
LOW,28,-0.014783967236303366,0.03322141880939052,-0.09790687953773883,32.142857142857146,0.0018069315108699478,0.0005635151855145146
USB,28,-0.014970824160816925,0.017799314765919224,-0.061591615985490664,25.0,0.0019071329472651942,0.0005435257637417619
TSN,28,-0.015123615790096977,0.020843036902802065,-0.06328566910771924,21.428571428571427,0.0020040858496933075,0.000596558935047175
BMY,28,-0.015129625810822559,0.021448740332398644,-0.06969867102135281,17.857142857142858,0.002213865211905206,0.0007049300363996408
AMGN,28,-0.01516623080677317,0.03799238685847319,-0.07389322399296103,25.0,0.0021268146537445874,0.0006980743172848644
DOC,28,-0.015167405535615417,0.044770137658310394,-0.0823575478355341,32.142857142857146,0.0019641060085556134,0.0003721464473206186
VTRS,28,-0.015309882950237578,0.05211777052505476,-0.11157822218779095,28.57142857142857,0.0019989744595160443,0.00024016019484923942
EIX,28,-0.01557109116537045,0.02362514365922554,-0.04966619018689903,28.57142857142857,0.0021336478556903313,0.0006995642427687318
QCOM,28,-0.016464891122540924,0.07910041146096221,-0.12253264978405384,32.142857142857146,0.002118130136062366,0.000582823187035004
UHS,28,-0.016612668605603457,0.014663243539465512,-0.085990394235289,28.57142857142857,0.0019272778000630506,0.0003855124328447868
WY,28,-0.01665160377713728,0.02330521378599031,-0.1019866603719051,39.285714285714285,0.0017261964238147437,0.00022508048514021558
HAS,28,-0.01666549429375759,0.02661339192417211,-0.07213965214572036,21.428571428571427,0.0019784048538923796,0.0005217135104649133
IFF,28,-0.016790576731019146,0.04021205817657614,-0.07733449643935672,32.142857142857146,0.0018484793367967284,0.0003394210833618684
EOG,28,-0.01761665641942325,0.0303938491974119,-0.08799719803088676,32.142857142857146,0.002190888803332952,0.0005760591172571394
SYY,28,-0.01762665494482507,0.03404220513597658,-0.08931105667084697,35.714285714285715,0.00201259160456196,0.0007436315816671936
HRL,28,-0.017682179246818457,0.07359685741173844,-0.06763160638024286,17.857142857142858,0.00228626220543492,0.0006197890732802686
F,28,-0.01773554668058994,0.055268538928079404,-0.07302114122517277,14.285714285714285,0.0019661777858017634,0.00036900011408636343
EMR,28,-0.017803619363272755,0.032357461489413306,-0.08792519254076525,32.142857142857146,0.001752016867279831,0.000550022148731367
HSIC,28,-0.017871615646773947,0.048325914872865514,-0.09021507732204259,28.57142857142857,0.0018556000889236213,0.00042397173157402443
CVS,28,-0.017917321184659187,0.08086051105119287,-0.08640427683582634,10.714285714285714,0.002148368354197939,0.0005535835178617333
LVS,28,-0.018785741090690516,0.03343799986575747,-0.08779366001136849,17.857142857142858,0.0021078400634353895,0.00046653888115035826
DIS,28,-0.018953710069737253,0.02622871940319936,-0.11098212149651303,17.857142857142858,0.0019304841302658418,0.0003415389696767023
DLTR,28,-0.018954839706346382,0.05464792714468422,-0.07940393264292539,32.142857142857146,0.0021914297188917933,0.0005664082278616048
LUV,28,-0.01904881075001364,0.030340283584149138,-0.1303556079234704,28.57142857142857,0.0020252329630363287,0.00031939921999411423
CLX,28,-0.019314535205958456,0.00840269234093453,-0.09521207370072088,14.285714285714285,0.0022742309753511956,0.0006641092439887868
APA,28,-0.01948144624725998,0.0738136132472671,-0.2917282736217629,53.57142857142857,0.0024029910423767277,0.0005286314765549776
SLB,28,-0.020977975380514664,0.04119380700395957,-0.14048579723480326,35.714285714285715,0.0022426948310107116,0.00040661528354785965
PPG,28,-0.022022705352534783,0.0022046422489440556,-0.05698428076384304,10.714285714285714,0.0017174274827661143,0.00022118741371787706
DAL,28,-0.023480995513645884,0.045618587620488,-0.11005598315966211,25.0,0.0020560474989331414,0.0005580399246337488
BKR,28,-0.02987320390293176,0.021332066050184697,-0.10355054985136612,21.428571428571427,0.002268344813477455,0.0006288673357818922
FSLR,28,-0.0334145003757987,0.04158404030074633,-0.101468101028962,17.857142857142858,0.0024010814216760715,0.0007408031821853572
HAL,28,-0.03633289565080357,0.08835768661328633,-0.21808002701756649,14.285714285714285,0.00237942027066559,0.000555768128688662
PSKY,28,-0.0465751860952857,0.004192925905076258,-0.2267881761395716,10.714285714285714,0.0020975494598904306,0.0002031720072070132
GOOGL,28,-0.22242256121706885,0.11837929634951809,-6.999252731776067,85.71428571428571,0.020136989686202336,0.002963309156305857
