section,key,title,style,folds,days,cagr,sharpe,max_drawdown,calmar,ann_return,ann_volatility,sortino,hit_rate,ann_turnover,gross_sharpe,cost_drag_ann,avg_gross_exposure,avg_net_exposure,total_return,gross_ann_return,bps_per_unit_traded
6.5,6.5.volatility_targeting,Volatility targeting with risk-free asset,allocation,125.0,2624.0,0.26341937839911034,1.5964500702208313,-0.2184922948058744,1.2056231943243247,0.24578414703230247,0.15395667651435166,2.223959663494558,0.5659298780487805,3.3010710025310304,1.6071538756010366,0.0016505355012655099,0.7150026711538665,0.7150026711538665,10.412580251962588,0.24743468253356798,744.5588018066027
-,benchmark.equal_weight,Equal-weighted buy & hold,benchmark,,2623.0,0.37462842621552417,1.3800753242474078,-0.39986280952193476,0.9368923973285234,0.3506942217294742,0.2541123774680322,1.8452481265962006,0.5657643919176516,0.09607319862752572,1.3802580085675207,4.803659931379434e-05,,,26.43681615909289,0.35074225832878797,36502.81522207979
4.1,4.1.momentum_rotation,Momentum rotation,momentum,125.0,2624.0,0.6110527763662648,1.2906061652145568,-0.5805560437745165,1.0525302129204823,0.5752933238211316,0.4457543589414762,1.8476594744714454,0.5541158536585366,26.3140243902439,1.3200294695889774,0.013157012195121998,1.0,1.0,142.40739573370752,0.5884503360162536,218.62612699957265
4.6,4.6.multi_asset_trend,Multi-asset trend following,momentum,125.0,2624.0,0.3834352466290347,1.2092537879716285,-0.4704819336572952,0.8149839966189513,0.3719569130074394,0.3075921007709642,1.5868532785949863,0.5514481707317073,23.269547362141818,1.247261440114573,0.011634773681070965,0.9851371951219512,0.9851371951219512,28.360392067914937,0.38359168668851035,159.84707704825897
4.1.2,4.1.2.dual_momentum,Dual-momentum rotation,momentum,125.0,2624.0,0.34263231314848364,1.1040481599134655,-0.513262398421557,0.6675577914964852,0.34330545882426966,0.310951524842157,1.330413665183372,0.4527439024390244,25.353658536585368,1.1450671967709551,0.012676829268292666,0.8216463414634146,0.8216463414634146,20.497038859270425,0.3559822880925623,135.4066744761429
3.1,3.1.price_momentum_long_only,Price-momentum (long-only),momentum,125.0,2624.0,0.4406569739911639,1.0747447473042535,-0.6025928722609346,0.7312681484894011,0.4529767020149845,0.4214737528619432,1.4761643988782491,0.5564024390243902,41.53348909972954,1.1241019590622052,0.020766744549864657,1.0,1.0,43.775821374990066,0.4737434465648492,109.0630023707626
3.11,3.11.single_moving_average,Single moving average,technical,125.0,2624.0,0.22678620214270473,0.9548311955232568,-0.44372411711620363,0.511097308878781,0.2349709903053392,0.2460864196802586,1.1971802993681533,0.5605945121951219,40.89557926829268,1.0377444063098036,0.02044778963414634,0.9942835365853658,0.8597560975609756,7.400857240414753,0.25541877993948553,57.456330124052755
3.15,3.15.channel,Channel (Donchian),technical,125.0,2624.0,0.21424878349587462,0.8783105349343805,-0.42703584495340696,0.5017114746403804,0.22785322688691886,0.2594221722547619,1.1186746050778695,0.5201981707317073,21.36173780487805,0.9193259487716792,0.01068086890243905,0.9439786585365854,0.6896595528455284,6.5486695637568,0.23853409578935791,106.66418105501116
3.14,3.14.support_resistance,Support and resistance,technical,125.0,2624.0,0.14222940361019365,0.649182168335686,-0.5388340192442329,0.2639577282252598,0.16531807950241229,0.25465591565190354,0.8762455573904636,0.5022865853658537,211.17164634146343,1.0641181365716792,0.10558582317073173,0.9371189024390244,0.8456554878048781,2.993632216171436,0.270903902673144,7.8286115757744215
10.4,10.4.trend_following,Trend following (sign/vol weighting),momentum,125.0,2624.0,0.10717283398664734,0.6479114803161021,-0.36412816769905665,0.29432722731635297,0.11862679356803515,0.1830910505091833,0.8366510445537975,0.5396341463414634,35.668531406768565,0.7455748312976275,0.01783426570338434,1.0,0.429100254932129,1.8867012910306138,0.1364610592714195,33.258109849043066
3.4,3.4.low_volatility,Low-volatility anomaly,factor,125.0,2624.0,0.10460306403035569,0.5759218244299821,-0.3923610629204638,0.2665989923968576,0.12191896376277395,0.21169359901136425,0.7451100289399867,0.5365853658536586,8.739329268292684,0.5964308837027107,0.004369664634146342,1.0,0.9119664634146342,1.8176924209650607,0.1262886283969203,139.50608796159028
3.12,3.12.two_moving_averages,Two moving averages,technical,125.0,2624.0,0.04767710594203689,0.32602542067508816,-0.37307485549523767,0.12779501282322547,0.06922758778908904,0.2123380061767643,0.41573756043261106,0.5228658536585366,13.573170731707316,0.3580442376689512,0.0067865853658536646,0.9999999999999998,0.3619156504065041,0.6241359341227797,0.0760141731549427,51.00325425611233
3.13,3.13.three_moving_averages,Three moving averages,technical,125.0,2624.0,0.044579343751615985,0.29914256570839903,-0.49587320660395984,0.08990069065623114,0.07713437357502477,0.25785154778078134,0.367144505786944,0.5266768292682927,69.43124999999999,0.43371639032884113,0.034715625,0.9847560975609756,0.4244664634146341,0.574821861410918,0.11184999857502477,11.109460592316108
3.1,3.1.price_momentum,Price-momentum,momentum,125.0,2624.0,0.03636477812891736,0.2695118603687127,-0.5847008037741914,0.062193822711010434,0.06352925907622535,0.23571971559734886,0.36561226069527736,0.5011432926829268,44.542825507970896,0.36409791829579746,0.02227141275398549,1.0,-0.007722648905342779,0.4505359280742445,0.08580067183021084,14.262512167050755
3.17,3.17.single_stock_knn,Single-stock KNN,machine-learning,125.0,2624.0,0.03340959188206982,0.2654911142451818,-0.5647517638497641,0.05915801245900576,0.05213295888948076,0.19636423251941995,0.37425870791586036,0.5080030487804879,183.00731707317073,0.7313786279924671,0.09150365853658536,0.9996189024390244,0.25218495934959345,0.40804039960681204,0.14363661742606612,2.8486816660252305
4.3,4.3.r_squared,R-squared selectivity,factor,125.0,2624.0,0.024784804671838856,0.22812839783530334,-0.3437644789189368,0.07209821314226991,0.03929912643612344,0.17226757742144552,0.34260513947994287,0.5015243902439024,27.898628048780488,0.3091362629945307,0.013949314024390258,1.0,0.0,0.2903717912746808,0.0532484404605137,14.086401083024331
4.1.1,4.1.1.momentum_rotation_ma_filter,Momentum rotation with MA filter,momentum,125.0,2624.0,0.011988507336198273,0.1887585253324358,-0.6344909131360692,0.018894687201969886,0.05586069428299476,0.2959373314906683,0.2551597820593773,0.5080030487804879,67.38567073170734,0.30269219197798364,0.03369283536585369,0.9969512195121951,0.3701727642276422,0.1321181641317568,0.08955352964884845,8.289699230775831
3.7,3.7.residual_momentum,Residual momentum (market-residual proxy),momentum,125.0,2624.0,-0.01920950431459645,-0.029348116492925937,-0.5430542457497509,-0.03537308558940635,-0.004985532248192557,0.16987571414997854,-0.04369374646131246,0.49047256097560976,27.658536585365855,0.05206421388789577,0.013829268292682929,1.0,0.0,-0.18287966605762052,0.008843736044490371,-1.802529296083729
3.8,3.8.pairs_trading,Pairs trading,mean-reversion,125.0,2624.0,-0.02935820184937088,-0.13209444271119108,-0.3959818472284692,-0.07414027197168993,-0.01920780282105116,0.1454096207744845,-0.17408400049703507,0.4958079268292683,62.615853658536665,0.08322314493715297,0.03130792682926833,1.0,-2.991340237842933e-17,-0.2667549214375188,0.012100124008217169,-3.067562238438394
4.4,4.4.mean_reversion_ibs,Mean-reversion (internal bar strength),mean-reversion,125.0,2624.0,-0.04772294928617993,-0.1547968787697405,-0.5974983055435061,-0.0798712713381997,-0.030072383611852684,0.19426996106675504,-0.21897804298262546,0.4836128048780488,260.7670244452599,0.516634851000704,0.13038351222262998,1.0,0.005202753778466434,-0.39900779737573955,0.10031112861077729,-1.153228007867439
10.3,10.3.contrarian,Contrarian trading (market-index demeaned),mean-reversion,125.0,2624.0,-0.051620725007265666,-0.20080957486813422,-0.6113632152401516,-0.08443544479035815,-0.036476879922048,0.18164910685160954,-0.26966847985673653,0.4969512195121951,110.93739175981803,0.1045690906004649,0.05546869587990902,1.0,7.461886553096173e-19,-0.42413447731901577,0.01899181595786102,-3.288059989820319
3.20,3.20.alpha_combo,Alpha combos,combo,125.0,2624.0,-0.08260852116588902,-0.24791906809330003,-0.7706749340066982,-0.10718983779115754,-0.058415584577498784,0.23562360502063157,-0.3254312408971405,0.5003810975609756,149.33160796495488,0.06899621718164226,0.07466580398247746,1.0,0.27096796164513864,-0.5925320974865922,0.016250219404978682,-3.9118030920290994
3.9.1,3.9.1.mean_reversion_multi_cluster,Mean-reversion (multiple clusters),mean-reversion,125.0,2624.0,-0.06851773408028017,-0.28070237673275306,-0.6157917505171737,-0.11126770376955429,-0.05307070220202529,0.18906395741904264,-0.3851236526706158,0.4874237804878049,180.4433439329434,0.19649501738982939,0.09022167196647171,1.0,-8.4377938689115095e-19,-0.5224439929391163,0.037150969764446415,-2.9411282813372983
3.6,3.6.multifactor,Multifactor portfolio (rank blend),factor,125.0,2624.0,-0.07516554330725722,-0.35719091673250664,-0.5967304794152132,-0.12596229939673656,-0.06272446050345658,0.17560485881680393,-0.5285183509528609,0.48666158536585363,93.53963414634147,-0.09087220179805798,0.046769817073170766,1.0,0.0,-0.5567643469323995,-0.015954643430285808,-6.705655958128405
3.18.1,3.18.1.stat_arb_dollar_neutral,Statistical arbitrage (dollar-neutral),optimization,125.0,2624.0,-0.06801993449089283,-0.3827340492497849,-0.6571182268205844,-0.10351247570776116,-0.058674496770966846,0.1533035717255298,-0.5317779310715027,0.4794207317073171,129.7392033351141,0.0404480157604828,0.06486960166755704,1.0,4.9141972204157345e-18,-0.5197798340357664,0.006195104896590197,-4.522495534322934
3.9,3.9.mean_reversion_single_cluster,Mean-reversion (single cluster),mean-reversion,125.0,2624.0,-0.08934338643711648,-0.4161631861188303,-0.6986505324614886,-0.12787993751660287,-0.07661223574142734,0.1840918137327785,-0.5642122264221819,0.4885670731707317,164.23314739630212,0.02991073049647158,0.0821165736981511,1.0,6.589193252732264e-19,-0.622625816342512,0.005504337956723773,-4.664846101777401
3.10,3.10.mean_reversion_weighted_regression,Mean-reversion (weighted regression),mean-reversion,125.0,2624.0,-0.08468494889716005,-0.4556697241958554,-0.6780467276419088,-0.12489544664816082,-0.07494212546401044,0.16446588720869004,-0.6424781347292051,0.4881859756097561,174.70820727559675,0.07551928477694747,0.08735410363779839,1.0,-1.134870908665e-16,-0.6020337093142611,0.012411978173787945,-4.289559525145352
10.3.1,10.3.1.contrarian_market_activity,Contrarian trading with volume filter,mean-reversion,125.0,2624.0,-0.16448642058652407,-0.5164725253439479,-0.8830878468331567,-0.18626280632939204,-0.1418548588508344,0.274660997226068,-0.7072899454743102,0.4790396341463415,179.5613069725499,-0.18965507428052905,0.08978065348627495,1.0,-0.060320327171178335,-0.8460692213000636,-0.05207420536455946,-7.900079434848411
3.18,3.18.stat_arb_optimization,Statistical arbitrage (mean-variance optimisation),optimization,125.0,2624.0,-0.09068582983343398,-0.6045486464451509,-0.717528979451497,-0.12638629578802135,-0.08514217081356278,0.1408359299358509,-0.8750999408988424,0.4836128048780488,122.56677283492304,-0.16956436166107364,0.06128338641746155,1.0,-0.01411993585321187,-0.6283784371382191,-0.02385878439610123,-6.946594810669858
