fold,train_start,train_end,test_start,test_end,train_days,test_days,in_sample_objective,params,grid_size,combo_weights
0,2015-03-11,2016-03-09,2016-03-10,2016-04-08,252,21,-0.4777838231298524,"{""d"": 63, ""n_factors"": 2}",4,"{""3.1.price_momentum"": -0.2267, ""3.1.price_momentum_long_only"": -0.0352, ""3.4.low_volatility"": 0.1711, ""3.6.multifactor"": -0.0171, ""3.9.mean_reversion_single_cluster"": 0.0824, ""3.11.single_moving_average"": -0.0584, ""3.12.two_moving_averages"": 0.061, ""3.14.support_resistance"": -0.0804, ""3.15.channel"": 0.0337, ""4.4.mean_reversion_ibs"": 0.13, ""4.6.multi_asset_trend"": -0.0369, ""10.4.trend_following"": -0.0671}"
1,2015-04-10,2016-04-08,2016-04-11,2016-05-09,252,21,-0.2784589124285314,"{""d"": 21, ""n_factors"": 1}",4,"{""3.1.price_momentum"": 0.0632, ""3.1.price_momentum_long_only"": 0.0274, ""3.4.low_volatility"": 0.0764, ""3.6.multifactor"": 0.1072, ""3.9.mean_reversion_single_cluster"": 0.1344, ""3.11.single_moving_average"": 0.065, ""3.12.two_moving_averages"": 0.1727, ""3.14.support_resistance"": -0.0222, ""3.15.channel"": 0.1369, ""4.4.mean_reversion_ibs"": 0.1421, ""4.6.multi_asset_trend"": 0.0396, ""10.4.trend_following"": 0.013}"
2,2015-05-11,2016-05-09,2016-05-10,2016-06-08,252,21,-0.8702807680762827,"{""d"": 63, ""n_factors"": 2}",4,"{""3.1.price_momentum"": -0.16, ""3.1.price_momentum_long_only"": 0.0228, ""3.4.low_volatility"": 0.0101, ""3.6.multifactor"": -0.0902, ""3.9.mean_reversion_single_cluster"": -0.0399, ""3.11.single_moving_average"": -0.0527, ""3.12.two_moving_averages"": 0.1243, ""3.14.support_resistance"": 0.0195, ""3.15.channel"": 0.0999, ""4.4.mean_reversion_ibs"": -0.0535, ""4.6.multi_asset_trend"": 0.0285, ""10.4.trend_following"": -0.2985}"
3,2015-06-10,2016-06-08,2016-06-09,2016-07-08,252,21,-1.7430113366458588,"{""d"": 63, ""n_factors"": 1}",4,"{""3.1.price_momentum"": -0.1182, ""3.1.price_momentum_long_only"": 0.0226, ""3.4.low_volatility"": -0.0332, ""3.6.multifactor"": -0.1301, ""3.9.mean_reversion_single_cluster"": -0.0867, ""3.11.single_moving_average"": 0.099, ""3.12.two_moving_averages"": 0.0699, ""3.14.support_resistance"": -0.0327, ""3.15.channel"": 0.1115, ""4.4.mean_reversion_ibs"": 0.2286, ""4.6.multi_asset_trend"": 0.0345, ""10.4.trend_following"": -0.0329}"
4,2015-07-10,2016-07-08,2016-07-11,2016-08-08,252,21,0.44353579539442306,"{""d"": 21, ""n_factors"": 2}",4,"{""3.1.price_momentum"": 0.1035, ""3.1.price_momentum_long_only"": 0.078, ""3.4.low_volatility"": 0.0684, ""3.6.multifactor"": 0.1048, ""3.9.mean_reversion_single_cluster"": 0.0611, ""3.11.single_moving_average"": 0.0859, ""3.12.two_moving_averages"": -0.0778, ""3.14.support_resistance"": 0.0696, ""3.15.channel"": -0.0991, ""4.4.mean_reversion_ibs"": 0.0748, ""4.6.multi_asset_trend"": 0.0804, ""10.4.trend_following"": -0.0966}"
5,2015-08-10,2016-08-08,2016-08-09,2016-09-07,252,21,0.24363735721300378,"{""d"": 63, ""n_factors"": 2}",4,"{""3.1.price_momentum"": 0.0992, ""3.1.price_momentum_long_only"": 0.059, ""3.4.low_volatility"": -0.0141, ""3.6.multifactor"": 0.0468, ""3.9.mean_reversion_single_cluster"": -0.0437, ""3.11.single_moving_average"": 0.0302, ""3.12.two_moving_averages"": -0.165, ""3.14.support_resistance"": 0.0533, ""3.15.channel"": -0.2065, ""4.4.mean_reversion_ibs"": 0.0427, ""4.6.multi_asset_trend"": 0.0795, ""10.4.trend_following"": -0.1599}"
6,2015-09-09,2016-09-07,2016-09-08,2016-10-06,252,21,0.3612392005758417,"{""d"": 63, ""n_factors"": 2}",4,"{""3.1.price_momentum"": 0.0617, ""3.1.price_momentum_long_only"": 0.0512, ""3.4.low_volatility"": 0.0013, ""3.6.multifactor"": 0.0519, ""3.9.mean_reversion_single_cluster"": -0.0213, ""3.11.single_moving_average"": 0.0275, ""3.12.two_moving_averages"": -0.1092, ""3.14.support_resistance"": 0.0728, ""3.15.channel"": -0.2323, ""4.4.mean_reversion_ibs"": 0.0203, ""4.6.multi_asset_trend"": 0.0843, ""10.4.trend_following"": -0.2662}"
7,2015-10-08,2016-10-06,2016-10-07,2016-11-04,252,21,0.05126697357691191,"{""d"": 63, ""n_factors"": 1}",4,"{""3.1.price_momentum"": -0.1433, ""3.1.price_momentum_long_only"": -0.0312, ""3.4.low_volatility"": -0.1827, ""3.6.multifactor"": -0.1703, ""3.9.mean_reversion_single_cluster"": -0.0217, ""3.11.single_moving_average"": -0.0553, ""3.12.two_moving_averages"": -0.0456, ""3.14.support_resistance"": -0.1303, ""3.15.channel"": -0.0864, ""4.4.mean_reversion_ibs"": 0.1105, ""4.6.multi_asset_trend"": -0.0222, ""10.4.trend_following"": -0.0005}"
8,2015-11-06,2016-11-04,2016-11-07,2016-12-06,252,21,-0.730339254391145,"{""d"": 21, ""n_factors"": 2}",4,"{""3.1.price_momentum"": -0.1438, ""3.1.price_momentum_long_only"": -0.0514, ""3.4.low_volatility"": -0.0614, ""3.6.multifactor"": -0.0891, ""3.9.mean_reversion_single_cluster"": 0.0079, ""3.11.single_moving_average"": -0.0935, ""3.12.two_moving_averages"": -0.0215, ""3.14.support_resistance"": -0.0254, ""3.15.channel"": 0.0198, ""4.4.mean_reversion_ibs"": -0.1922, ""4.6.multi_asset_trend"": -0.0898, ""10.4.trend_following"": -0.2043}"
9,2015-12-08,2016-12-06,2016-12-07,2017-01-06,252,21,0.35926475371036026,"{""d"": 21, ""n_factors"": 1}",4,"{""3.1.price_momentum"": -0.0069, ""3.1.price_momentum_long_only"": 0.0429, ""3.4.low_volatility"": -0.1206, ""3.6.multifactor"": -0.0394, ""3.9.mean_reversion_single_cluster"": 0.1711, ""3.11.single_moving_average"": 0.0439, ""3.12.two_moving_averages"": -0.0163, ""3.14.support_resistance"": -0.1011, ""3.15.channel"": -0.0406, ""4.4.mean_reversion_ibs"": -0.0356, ""4.6.multi_asset_trend"": 0.0918, ""10.4.trend_following"": 0.2897}"
10,2016-01-08,2017-01-06,2017-01-09,2017-02-07,252,21,1.2348122478852737,"{""d"": 21, ""n_factors"": 1}",4,"{""3.1.price_momentum"": -0.1438, ""3.1.price_momentum_long_only"": 0.0645, ""3.4.low_volatility"": 0.017, ""3.6.multifactor"": -0.0118, ""3.9.mean_reversion_single_cluster"": 0.1235, ""3.11.single_moving_average"": -0.0336, ""3.12.two_moving_averages"": 0.0185, ""3.14.support_resistance"": -0.0184, ""3.15.channel"": -0.0115, ""4.4.mean_reversion_ibs"": 0.0737, ""4.6.multi_asset_trend"": 0.0555, ""10.4.trend_following"": -0.4282}"
11,2016-02-09,2017-02-07,2017-02-08,2017-03-09,252,21,1.7123862891801753,"{""d"": 63, ""n_factors"": 1}",4,"{""3.1.price_momentum"": -0.0393, ""3.1.price_momentum_long_only"": 0.1128, ""3.4.low_volatility"": -0.1202, ""3.6.multifactor"": -0.0035, ""3.9.mean_reversion_single_cluster"": 0.2373, ""3.11.single_moving_average"": 0.075, ""3.12.two_moving_averages"": 0.012, ""3.14.support_resistance"": -0.1453, ""3.15.channel"": 0.0082, ""4.4.mean_reversion_ibs"": 0.0806, ""4.6.multi_asset_trend"": 0.1592, ""10.4.trend_following"": 0.0066}"
12,2016-03-10,2017-03-09,2017-03-10,2017-04-07,252,21,0.5427945940728618,"{""d"": 63, ""n_factors"": 1}",4,"{""3.1.price_momentum"": -0.0552, ""3.1.price_momentum_long_only"": 0.067, ""3.4.low_volatility"": 0.0032, ""3.6.multifactor"": 0.04, ""3.9.mean_reversion_single_cluster"": 0.1078, ""3.11.single_moving_average"": 0.0745, ""3.12.two_moving_averages"": 0.0669, ""3.14.support_resistance"": -0.0676, ""3.15.channel"": 0.087, ""4.4.mean_reversion_ibs"": 0.1413, ""4.6.multi_asset_trend"": 0.0751, ""10.4.trend_following"": -0.2145}"
13,2016-04-11,2017-04-07,2017-04-10,2017-05-09,252,21,-0.722991165656153,"{""d"": 63, ""n_factors"": 2}",4,"{""3.1.price_momentum"": 0.06, ""3.1.price_momentum_long_only"": 0.0471, ""3.4.low_volatility"": 0.0844, ""3.6.multifactor"": 0.13, ""3.9.mean_reversion_single_cluster"": 0.0019, ""3.11.single_moving_average"": 0.1148, ""3.12.two_moving_averages"": 0.143, ""3.14.support_resistance"": -0.0599, ""3.15.channel"": 0.2068, ""4.4.mean_reversion_ibs"": 0.033, ""4.6.multi_asset_trend"": 0.0693, ""10.4.trend_following"": -0.0498}"
14,2016-05-10,2017-05-09,2017-05-10,2017-06-08,252,21,-0.4966967762468125,"{""d"": 21, ""n_factors"": 2}",4,"{""3.1.price_momentum"": 0.0987, ""3.1.price_momentum_long_only"": 0.0398, ""3.4.low_volatility"": 0.0512, ""3.6.multifactor"": 0.0478, ""3.9.mean_reversion_single_cluster"": -0.0814, ""3.11.single_moving_average"": 0.0966, ""3.12.two_moving_averages"": 0.0212, ""3.14.support_resistance"": -0.063, ""3.15.channel"": 0.0445, ""4.4.mean_reversion_ibs"": 0.1143, ""4.6.multi_asset_trend"": 0.0478, ""10.4.trend_following"": 0.2939}"
15,2016-06-09,2017-06-08,2017-06-09,2017-07-10,252,21,-0.015298646703099097,"{""d"": 21, ""n_factors"": 1}",4,"{""3.1.price_momentum"": 0.1373, ""3.1.price_momentum_long_only"": 0.0521, ""3.4.low_volatility"": 0.0292, ""3.6.multifactor"": 0.1046, ""3.9.mean_reversion_single_cluster"": 0.0233, ""3.11.single_moving_average"": 0.1134, ""3.12.two_moving_averages"": 0.0879, ""3.14.support_resistance"": -0.0105, ""3.15.channel"": 0.0906, ""4.4.mean_reversion_ibs"": 0.0873, ""4.6.multi_asset_trend"": 0.0624, ""10.4.trend_following"": 0.2014}"
16,2016-07-11,2017-07-10,2017-07-11,2017-08-08,252,21,0.30516995065717756,"{""d"": 21, ""n_factors"": 2}",4,"{""3.1.price_momentum"": -0.0686, ""3.1.price_momentum_long_only"": -0.0144, ""3.4.low_volatility"": -0.0614, ""3.6.multifactor"": -0.1941, ""3.9.mean_reversion_single_cluster"": -0.0376, ""3.11.single_moving_average"": 0.0164, ""3.12.two_moving_averages"": -0.1717, ""3.14.support_resistance"": -0.1048, ""3.15.channel"": -0.1718, ""4.4.mean_reversion_ibs"": -0.047, ""4.6.multi_asset_trend"": -0.009, ""10.4.trend_following"": -0.1032}"
17,2016-08-09,2017-08-08,2017-08-09,2017-09-07,252,21,-0.16586298926958198,"{""d"": 21, ""n_factors"": 2}",4,"{""3.1.price_momentum"": -0.133, ""3.1.price_momentum_long_only"": 0.0367, ""3.4.low_volatility"": 0.0264, ""3.6.multifactor"": -0.0941, ""3.9.mean_reversion_single_cluster"": -0.048, ""3.11.single_moving_average"": 0.0661, ""3.12.two_moving_averages"": -0.1338, ""3.14.support_resistance"": -0.0101, ""3.15.channel"": -0.0687, ""4.4.mean_reversion_ibs"": 0.1427, ""4.6.multi_asset_trend"": 0.0412, ""10.4.trend_following"": -0.1992}"
18,2016-09-08,2017-09-07,2017-09-08,2017-10-06,252,21,0.38006150034764435,"{""d"": 63, ""n_factors"": 2}",4,"{""3.1.price_momentum"": -0.1158, ""3.1.price_momentum_long_only"": 0.0077, ""3.4.low_volatility"": -0.0264, ""3.6.multifactor"": -0.1689, ""3.9.mean_reversion_single_cluster"": -0.0617, ""3.11.single_moving_average"": 0.0403, ""3.12.two_moving_averages"": -0.1406, ""3.14.support_resistance"": -0.0961, ""3.15.channel"": -0.1657, ""4.4.mean_reversion_ibs"": 0.0404, ""4.6.multi_asset_trend"": 0.0203, ""10.4.trend_following"": -0.1161}"
19,2016-10-07,2017-10-06,2017-10-09,2017-11-06,252,21,0.0913338499875915,"{""d"": 63, ""n_factors"": 2}",4,"{""3.1.price_momentum"": -0.0671, ""3.1.price_momentum_long_only"": 0.0732, ""3.4.low_volatility"": 0.0191, ""3.6.multifactor"": -0.0696, ""3.9.mean_reversion_single_cluster"": 0.0738, ""3.11.single_moving_average"": 0.1377, ""3.12.two_moving_averages"": -0.0725, ""3.14.support_resistance"": 0.0268, ""3.15.channel"": -0.0347, ""4.4.mean_reversion_ibs"": 0.308, ""4.6.multi_asset_trend"": 0.0894, ""10.4.trend_following"": -0.0283}"
20,2016-11-07,2017-11-06,2017-11-07,2017-12-06,252,21,0.7720776826340866,"{""d"": 63, ""n_factors"": 2}",4,"{""3.1.price_momentum"": 0.0696, ""3.1.price_momentum_long_only"": 0.0381, ""3.4.low_volatility"": 0.0406, ""3.6.multifactor"": 0.0848, ""3.9.mean_reversion_single_cluster"": 0.0606, ""3.11.single_moving_average"": 0.105, ""3.12.two_moving_averages"": 0.0561, ""3.14.support_resistance"": 0.0253, ""3.15.channel"": 0.0903, ""4.4.mean_reversion_ibs"": 0.2062, ""4.6.multi_asset_trend"": 0.0516, ""10.4.trend_following"": 0.1718}"
21,2016-12-07,2017-12-06,2017-12-07,2018-01-08,252,21,0.8369620220751973,"{""d"": 63, ""n_factors"": 1}",4,"{""3.1.price_momentum"": 0.0471, ""3.1.price_momentum_long_only"": 0.0586, ""3.4.low_volatility"": 0.0872, ""3.6.multifactor"": 0.1214, ""3.9.mean_reversion_single_cluster"": 0.1128, ""3.11.single_moving_average"": 0.1028, ""3.12.two_moving_averages"": 0.0249, ""3.14.support_resistance"": -0.0054, ""3.15.channel"": 0.1449, ""4.4.mean_reversion_ibs"": 0.1274, ""4.6.multi_asset_trend"": 0.0617, ""10.4.trend_following"": 0.106}"
22,2017-01-09,2018-01-08,2018-01-09,2018-02-07,252,21,1.473147292793625,"{""d"": 63, ""n_factors"": 1}",4,"{""3.1.price_momentum"": -0.0535, ""3.1.price_momentum_long_only"": 0.0362, ""3.4.low_volatility"": 0.0009, ""3.6.multifactor"": -0.0202, ""3.9.mean_reversion_single_cluster"": 0.1501, ""3.11.single_moving_average"": 0.1019, ""3.12.two_moving_averages"": 0.079, ""3.14.support_resistance"": -0.0336, ""3.15.channel"": 0.1928, ""4.4.mean_reversion_ibs"": 0.1068, ""4.6.multi_asset_trend"": 0.0339, ""10.4.trend_following"": 0.1912}"
23,2017-02-08,2018-02-07,2018-02-08,2018-03-09,252,21,-0.305368597969974,"{""d"": 63, ""n_factors"": 2}",4,"{""3.1.price_momentum"": -0.1414, ""3.1.price_momentum_long_only"": 0.0089, ""3.4.low_volatility"": -0.1495, ""3.6.multifactor"": -0.1822, ""3.9.mean_reversion_single_cluster"": 0.1825, ""3.11.single_moving_average"": 0.0243, ""3.12.two_moving_averages"": -0.0109, ""3.14.support_resistance"": 0.0555, ""3.15.channel"": 0.0939, ""4.4.mean_reversion_ibs"": 0.0067, ""4.6.multi_asset_trend"": -0.0031, ""10.4.trend_following"": 0.141}"
24,2017-03-10,2018-03-09,2018-03-12,2018-04-10,252,21,1.5285945925336115,"{""d"": 63, ""n_factors"": 1}",4,"{""3.1.price_momentum"": 0.1431, ""3.1.price_momentum_long_only"": 0.0463, ""3.4.low_volatility"": -0.2498, ""3.6.multifactor"": -0.0018, ""3.9.mean_reversion_single_cluster"": 0.0902, ""3.11.single_moving_average"": 0.0584, ""3.12.two_moving_averages"": -0.0618, ""3.14.support_resistance"": 0.0684, ""3.15.channel"": -0.0049, ""4.4.mean_reversion_ibs"": 0.0832, ""4.6.multi_asset_trend"": 0.0465, ""10.4.trend_following"": 0.1456}"
25,2017-04-10,2018-04-10,2018-04-11,2018-05-09,252,21,0.2491403067946092,"{""d"": 63, ""n_factors"": 2}",4,"{""3.1.price_momentum"": 0.1496, ""3.1.price_momentum_long_only"": 0.0201, ""3.4.low_volatility"": -0.1406, ""3.6.multifactor"": 0.1236, ""3.9.mean_reversion_single_cluster"": 0.0333, ""3.11.single_moving_average"": -0.0237, ""3.12.two_moving_averages"": -0.1446, ""3.14.support_resistance"": -0.065, ""3.15.channel"": -0.1213, ""4.4.mean_reversion_ibs"": 0.0794, ""4.6.multi_asset_trend"": 0.018, ""10.4.trend_following"": -0.0808}"
26,2017-05-10,2018-05-09,2018-05-10,2018-06-08,252,21,0.4298346232832844,"{""d"": 63, ""n_factors"": 2}",4,"{""3.1.price_momentum"": 0.129, ""3.1.price_momentum_long_only"": 0.0292, ""3.4.low_volatility"": -0.1348, ""3.6.multifactor"": 0.0368, ""3.9.mean_reversion_single_cluster"": 0.0107, ""3.11.single_moving_average"": -0.0241, ""3.12.two_moving_averages"": -0.1841, ""3.14.support_resistance"": -0.0725, ""3.15.channel"": -0.1558, ""4.4.mean_reversion_ibs"": 0.1179, ""4.6.multi_asset_trend"": 0.0279, ""10.4.trend_following"": -0.0771}"
27,2017-06-09,2018-06-08,2018-06-11,2018-07-10,252,21,0.22593009697593527,"{""d"": 63, ""n_factors"": 1}",4,"{""3.1.price_momentum"": 0.038, ""3.1.price_momentum_long_only"": 0.0109, ""3.4.low_volatility"": -0.1501, ""3.6.multifactor"": -0.0945, ""3.9.mean_reversion_single_cluster"": 0.0448, ""3.11.single_moving_average"": -0.0988, ""3.12.two_moving_averages"": -0.1601, ""3.14.support_resistance"": -0.0841, ""3.15.channel"": -0.1025, ""4.4.mean_reversion_ibs"": 0.0588, ""4.6.multi_asset_trend"": 0.0126, ""10.4.trend_following"": -0.1446}"
28,2017-07-11,2018-07-10,2018-07-11,2018-08-08,252,21,0.15711562632120832,"{""d"": 63, ""n_factors"": 1}",4,"{""3.1.price_momentum"": -0.0411, ""3.1.price_momentum_long_only"": 0.0314, ""3.4.low_volatility"": -0.1827, ""3.6.multifactor"": -0.3609, ""3.9.mean_reversion_single_cluster"": -0.1154, ""3.11.single_moving_average"": -0.0044, ""3.12.two_moving_averages"": -0.0815, ""3.14.support_resistance"": 0.0621, ""3.15.channel"": -0.0198, ""4.4.mean_reversion_ibs"": -0.0376, ""4.6.multi_asset_trend"": 0.0422, ""10.4.trend_following"": 0.0209}"
29,2017-08-09,2018-08-08,2018-08-09,2018-09-07,252,21,0.27820913760287214,"{""d"": 63, ""n_factors"": 1}",4,"{""3.1.price_momentum"": -0.0715, ""3.1.price_momentum_long_only"": 0.0488, ""3.4.low_volatility"": -0.028, ""3.6.multifactor"": -0.1393, ""3.9.mean_reversion_single_cluster"": 0.1458, ""3.11.single_moving_average"": -0.0111, ""3.12.two_moving_averages"": -0.08, ""3.14.support_resistance"": 0.0303, ""3.15.channel"": 0.0297, ""4.4.mean_reversion_ibs"": 0.1454, ""4.6.multi_asset_trend"": 0.0607, ""10.4.trend_following"": -0.2095}"
30,2017-09-08,2018-09-07,2018-09-10,2018-10-08,252,21,-0.21337907064753123,"{""d"": 63, ""n_factors"": 2}",4,"{""3.1.price_momentum"": -0.0691, ""3.1.price_momentum_long_only"": 0.046, ""3.4.low_volatility"": 0.2131, ""3.6.multifactor"": 0.1211, ""3.9.mean_reversion_single_cluster"": 0.1253, ""3.11.single_moving_average"": 0.0769, ""3.12.two_moving_averages"": -0.0339, ""3.14.support_resistance"": 0.0394, ""3.15.channel"": 0.0627, ""4.4.mean_reversion_ibs"": 0.1089, ""4.6.multi_asset_trend"": 0.0595, ""10.4.trend_following"": 0.0441}"
31,2017-10-09,2018-10-08,2018-10-09,2018-11-06,252,21,-1.9170712173678284,"{""d"": 63, ""n_factors"": 2}",4,"{""3.1.price_momentum"": 0.0232, ""3.1.price_momentum_long_only"": 0.0215, ""3.4.low_volatility"": 0.1895, ""3.6.multifactor"": 0.1867, ""3.9.mean_reversion_single_cluster"": 0.1065, ""3.11.single_moving_average"": 0.0691, ""3.12.two_moving_averages"": 0.0408, ""3.14.support_resistance"": 0.0478, ""3.15.channel"": 0.0824, ""4.4.mean_reversion_ibs"": -0.1724, ""4.6.multi_asset_trend"": 0.0278, ""10.4.trend_following"": 0.0322}"
32,2017-11-07,2018-11-06,2018-11-07,2018-12-07,252,21,-1.28661373149146,"{""d"": 63, ""n_factors"": 1}",4,"{""3.1.price_momentum"": -0.1177, ""3.1.price_momentum_long_only"": -0.0113, ""3.4.low_volatility"": 0.17, ""3.6.multifactor"": 0.0935, ""3.9.mean_reversion_single_cluster"": 0.1619, ""3.11.single_moving_average"": -0.0878, ""3.12.two_moving_averages"": -0.0203, ""3.14.support_resistance"": 0.1774, ""3.15.channel"": -0.0749, ""4.4.mean_reversion_ibs"": -0.0471, ""4.6.multi_asset_trend"": -0.0103, ""10.4.trend_following"": -0.0279}"
33,2017-12-07,2018-12-07,2018-12-10,2019-01-09,252,21,-0.09257615471210827,"{""d"": 63, ""n_factors"": 1}",4,"{""3.1.price_momentum"": -0.1254, ""3.1.price_momentum_long_only"": -0.0355, ""3.4.low_volatility"": 0.1771, ""3.6.multifactor"": 0.1595, ""3.9.mean_reversion_single_cluster"": 0.1293, ""3.11.single_moving_average"": -0.0952, ""3.12.two_moving_averages"": -0.0737, ""3.14.support_resistance"": 0.0526, ""3.15.channel"": -0.1012, ""4.4.mean_reversion_ibs"": -0.0033, ""4.6.multi_asset_trend"": -0.042, ""10.4.trend_following"": -0.0051}"
34,2018-01-09,2019-01-09,2019-01-10,2019-02-08,252,21,-0.3129066822691133,"{""d"": 63, ""n_factors"": 2}",4,"{""3.1.price_momentum"": -0.0889, ""3.1.price_momentum_long_only"": -0.0328, ""3.4.low_volatility"": 0.0047, ""3.6.multifactor"": 0.0651, ""3.9.mean_reversion_single_cluster"": 0.1163, ""3.11.single_moving_average"": -0.0485, ""3.12.two_moving_averages"": -0.0493, ""3.14.support_resistance"": 0.0702, ""3.15.channel"": -0.0723, ""4.4.mean_reversion_ibs"": 0.3013, ""4.6.multi_asset_trend"": -0.0465, ""10.4.trend_following"": -0.104}"
35,2018-02-08,2019-02-08,2019-02-11,2019-03-12,252,21,-1.2862713244132744,"{""d"": 21, ""n_factors"": 2}",4,"{""3.1.price_momentum"": -0.0152, ""3.1.price_momentum_long_only"": 0.0368, ""3.4.low_volatility"": -0.0409, ""3.6.multifactor"": 0.1626, ""3.9.mean_reversion_single_cluster"": -0.0417, ""3.11.single_moving_average"": -0.0264, ""3.12.two_moving_averages"": 0.1198, ""3.14.support_resistance"": 0.0589, ""3.15.channel"": 0.0669, ""4.4.mean_reversion_ibs"": 0.2182, ""4.6.multi_asset_trend"": 0.0378, ""10.4.trend_following"": -0.1747}"
36,2018-03-12,2019-03-12,2019-03-13,2019-04-10,252,21,-0.5807572949127944,"{""d"": 21, ""n_factors"": 1}",4,"{""3.1.price_momentum"": 0.0204, ""3.1.price_momentum_long_only"": 0.0879, ""3.4.low_volatility"": 0.0014, ""3.6.multifactor"": 0.1029, ""3.9.mean_reversion_single_cluster"": 0.0611, ""3.11.single_moving_average"": 0.0071, ""3.12.two_moving_averages"": 0.1926, ""3.14.support_resistance"": 0.0892, ""3.15.channel"": 0.1937, ""4.4.mean_reversion_ibs"": 0.1012, ""4.6.multi_asset_trend"": 0.0925, ""10.4.trend_following"": -0.0499}"
37,2018-04-11,2019-04-10,2019-04-11,2019-05-10,252,21,0.014078880682424428,"{""d"": 63, ""n_factors"": 2}",4,"{""3.1.price_momentum"": -0.0586, ""3.1.price_momentum_long_only"": 0.0758, ""3.4.low_volatility"": -0.0702, ""3.6.multifactor"": 0.0175, ""3.9.mean_reversion_single_cluster"": -0.0227, ""3.11.single_moving_average"": 0.0197, ""3.12.two_moving_averages"": 0.1602, ""3.14.support_resistance"": 0.0699, ""3.15.channel"": 0.1263, ""4.4.mean_reversion_ibs"": 0.1877, ""4.6.multi_asset_trend"": 0.0846, ""10.4.trend_following"": -0.1069}"
38,2018-05-10,2019-05-10,2019-05-13,2019-06-11,252,21,0.03459566010752185,"{""d"": 63, ""n_factors"": 1}",4,"{""3.1.price_momentum"": -0.1021, ""3.1.price_momentum_long_only"": 0.0824, ""3.4.low_volatility"": 0.0325, ""3.6.multifactor"": -0.1325, ""3.9.mean_reversion_single_cluster"": -0.0987, ""3.11.single_moving_average"": 0.099, ""3.12.two_moving_averages"": 0.1036, ""3.14.support_resistance"": 0.0276, ""3.15.channel"": 0.1049, ""4.4.mean_reversion_ibs"": 0.0696, ""4.6.multi_asset_trend"": 0.1078, ""10.4.trend_following"": -0.0393}"
39,2018-06-11,2019-06-11,2019-06-12,2019-07-11,252,21,-0.5605564576639029,"{""d"": 21, ""n_factors"": 2}",4,"{""3.1.price_momentum"": 0.206, ""3.1.price_momentum_long_only"": 0.0121, ""3.4.low_volatility"": 0.1399, ""3.6.multifactor"": 0.2514, ""3.9.mean_reversion_single_cluster"": -0.1098, ""3.11.single_moving_average"": 0.0654, ""3.12.two_moving_averages"": 0.0116, ""3.14.support_resistance"": -0.0031, ""3.15.channel"": 0.0066, ""4.4.mean_reversion_ibs"": -0.0767, ""4.6.multi_asset_trend"": 0.0208, ""10.4.trend_following"": 0.0967}"
40,2018-07-11,2019-07-11,2019-07-12,2019-08-09,252,21,0.18385843994060297,"{""d"": 63, ""n_factors"": 2}",4,"{""3.1.price_momentum"": 0.1255, ""3.1.price_momentum_long_only"": 0.0376, ""3.4.low_volatility"": 0.1489, ""3.6.multifactor"": 0.1907, ""3.9.mean_reversion_single_cluster"": -0.1087, ""3.11.single_moving_average"": 0.1547, ""3.12.two_moving_averages"": 0.0506, ""3.14.support_resistance"": 0.0138, ""3.15.channel"": 0.0111, ""4.4.mean_reversion_ibs"": 0.0835, ""4.6.multi_asset_trend"": 0.0616, ""10.4.trend_following"": 0.0134}"
41,2018-08-09,2019-08-09,2019-08-12,2019-09-10,252,21,0.2345485414889605,"{""d"": 63, ""n_factors"": 1}",4,"{""3.1.price_momentum"": 0.2065, ""3.1.price_momentum_long_only"": 0.0173, ""3.4.low_volatility"": 0.1105, ""3.6.multifactor"": 0.2385, ""3.9.mean_reversion_single_cluster"": -0.0434, ""3.11.single_moving_average"": 0.0953, ""3.12.two_moving_averages"": 0.0324, ""3.14.support_resistance"": 0.0445, ""3.15.channel"": -0.0058, ""4.4.mean_reversion_ibs"": 0.0464, ""4.6.multi_asset_trend"": 0.031, ""10.4.trend_following"": 0.1284}"
42,2018-09-10,2019-09-10,2019-09-11,2019-10-09,252,21,-2.1312960666780696,"{""d"": 21, ""n_factors"": 2}",4,"{""3.1.price_momentum"": -0.196, ""3.1.price_momentum_long_only"": -0.004, ""3.4.low_volatility"": -0.0299, ""3.6.multifactor"": -0.1429, ""3.9.mean_reversion_single_cluster"": -0.0751, ""3.11.single_moving_average"": -0.0544, ""3.12.two_moving_averages"": -0.0448, ""3.14.support_resistance"": -0.0512, ""3.15.channel"": -0.0307, ""4.4.mean_reversion_ibs"": -0.2953, ""4.6.multi_asset_trend"": -0.0017, ""10.4.trend_following"": -0.0739}"
43,2018-10-09,2019-10-09,2019-10-10,2019-11-07,252,21,0.03467126075738609,"{""d"": 21, ""n_factors"": 2}",4,"{""3.1.price_momentum"": 0.2321, ""3.1.price_momentum_long_only"": -0.028, ""3.4.low_volatility"": 0.1482, ""3.6.multifactor"": 0.2364, ""3.9.mean_reversion_single_cluster"": -0.0419, ""3.11.single_moving_average"": 0.026, ""3.12.two_moving_averages"": -0.0452, ""3.14.support_resistance"": 0.017, ""3.15.channel"": -0.0581, ""4.4.mean_reversion_ibs"": -0.0172, ""4.6.multi_asset_trend"": -0.0297, ""10.4.trend_following"": 0.1202}"
44,2018-11-07,2019-11-07,2019-11-08,2019-12-09,252,21,0.14674755863794145,"{""d"": 21, ""n_factors"": 1}",4,"{""3.1.price_momentum"": -0.2653, ""3.1.price_momentum_long_only"": 0.0095, ""3.4.low_volatility"": -0.196, ""3.6.multifactor"": -0.2253, ""3.9.mean_reversion_single_cluster"": 0.0921, ""3.11.single_moving_average"": -0.0091, ""3.12.two_moving_averages"": -0.0189, ""3.14.support_resistance"": 0.0075, ""3.15.channel"": 0.0078, ""4.4.mean_reversion_ibs"": -0.0113, ""4.6.multi_asset_trend"": 0.0177, ""10.4.trend_following"": -0.1394}"
45,2018-12-10,2019-12-09,2019-12-10,2020-01-09,252,21,0.4458782095426565,"{""d"": 63, ""n_factors"": 1}",4,"{""3.1.price_momentum"": -0.1663, ""3.1.price_momentum_long_only"": 0.0017, ""3.4.low_volatility"": -0.1662, ""3.6.multifactor"": -0.1097, ""3.9.mean_reversion_single_cluster"": 0.0864, ""3.11.single_moving_average"": 0.0626, ""3.12.two_moving_averages"": -0.0392, ""3.14.support_resistance"": 0.044, ""3.15.channel"": -0.0268, ""4.4.mean_reversion_ibs"": 0.1078, ""4.6.multi_asset_trend"": 0.0142, ""10.4.trend_following"": -0.1749}"
46,2019-01-10,2020-01-09,2020-01-10,2020-02-10,252,21,0.4698758984695234,"{""d"": 63, ""n_factors"": 2}",4,"{""3.1.price_momentum"": -0.1307, ""3.1.price_momentum_long_only"": 0.0033, ""3.4.low_volatility"": -0.1383, ""3.6.multifactor"": -0.1189, ""3.9.mean_reversion_single_cluster"": -0.0121, ""3.11.single_moving_average"": 0.1225, ""3.12.two_moving_averages"": 0.1145, ""3.14.support_resistance"": -0.033, ""3.15.channel"": 0.1551, ""4.4.mean_reversion_ibs"": 0.0806, ""4.6.multi_asset_trend"": 0.0282, ""10.4.trend_following"": -0.0627}"
47,2019-02-11,2020-02-10,2020-02-11,2020-03-11,252,21,0.7937739177713194,"{""d"": 21, ""n_factors"": 1}",4,"{""3.1.price_momentum"": 0.0948, ""3.1.price_momentum_long_only"": 0.0576, ""3.4.low_volatility"": 0.1216, ""3.6.multifactor"": 0.1021, ""3.9.mean_reversion_single_cluster"": -0.1491, ""3.11.single_moving_average"": 0.1281, ""3.12.two_moving_averages"": 0.0866, ""3.14.support_resistance"": 0.0476, ""3.15.channel"": 0.1049, ""4.4.mean_reversion_ibs"": -0.0016, ""4.6.multi_asset_trend"": 0.0798, ""10.4.trend_following"": -0.0262}"
48,2019-03-13,2020-03-11,2020-03-12,2020-04-09,252,21,-0.36521322157375824,"{""d"": 63, ""n_factors"": 1}",4,"{""3.1.price_momentum"": 0.1763, ""3.1.price_momentum_long_only"": 0.0098, ""3.4.low_volatility"": 0.0887, ""3.6.multifactor"": 0.1529, ""3.9.mean_reversion_single_cluster"": -0.0651, ""3.11.single_moving_average"": -0.0278, ""3.12.two_moving_averages"": 0.02, ""3.14.support_resistance"": -0.0468, ""3.15.channel"": 0.0441, ""4.4.mean_reversion_ibs"": 0.2175, ""4.6.multi_asset_trend"": 0.0098, ""10.4.trend_following"": 0.1411}"
49,2019-04-11,2020-04-09,2020-04-13,2020-05-11,252,21,0.35916687330177677,"{""d"": 63, ""n_factors"": 1}",4,"{""3.1.price_momentum"": 0.245, ""3.1.price_momentum_long_only"": -0.0045, ""3.4.low_volatility"": 0.0338, ""3.6.multifactor"": 0.3462, ""3.9.mean_reversion_single_cluster"": 0.0196, ""3.11.single_moving_average"": -0.081, ""3.12.two_moving_averages"": -0.0087, ""3.14.support_resistance"": -0.0628, ""3.15.channel"": -0.0076, ""4.4.mean_reversion_ibs"": -0.0567, ""4.6.multi_asset_trend"": -0.0543, ""10.4.trend_following"": -0.0796}"
50,2019-05-13,2020-05-11,2020-05-12,2020-06-10,252,21,0.5284839546431416,"{""d"": 63, ""n_factors"": 1}",4,"{""3.1.price_momentum"": 0.1947, ""3.1.price_momentum_long_only"": -0.0017, ""3.4.low_volatility"": -0.0582, ""3.6.multifactor"": 0.2386, ""3.9.mean_reversion_single_cluster"": 0.1334, ""3.11.single_moving_average"": -0.0913, ""3.12.two_moving_averages"": 0.0155, ""3.14.support_resistance"": -0.1068, ""3.15.channel"": -0.0096, ""4.4.mean_reversion_ibs"": 0.0803, ""4.6.multi_asset_trend"": -0.0402, ""10.4.trend_following"": -0.0295}"
51,2019-06-12,2020-06-10,2020-06-11,2020-07-10,252,21,0.6421034623004445,"{""d"": 21, ""n_factors"": 2}",4,"{""3.1.price_momentum"": -0.2488, ""3.1.price_momentum_long_only"": -0.0008, ""3.4.low_volatility"": -0.1365, ""3.6.multifactor"": -0.2082, ""3.9.mean_reversion_single_cluster"": 0.0503, ""3.11.single_moving_average"": -0.0206, ""3.12.two_moving_averages"": 0.0378, ""3.14.support_resistance"": 0.0132, ""3.15.channel"": 0.0422, ""4.4.mean_reversion_ibs"": 0.0691, ""4.6.multi_asset_trend"": -0.0073, ""10.4.trend_following"": -0.1653}"
52,2019-07-12,2020-07-10,2020-07-13,2020-08-10,252,21,-0.12346489944757276,"{""d"": 63, ""n_factors"": 1}",4,"{""3.1.price_momentum"": -0.0183, ""3.1.price_momentum_long_only"": 0.0092, ""3.4.low_volatility"": -0.0719, ""3.6.multifactor"": 0.0055, ""3.9.mean_reversion_single_cluster"": 0.1421, ""3.11.single_moving_average"": 0.0045, ""3.12.two_moving_averages"": 0.0591, ""3.14.support_resistance"": -0.0457, ""3.15.channel"": 0.029, ""4.4.mean_reversion_ibs"": 0.4644, ""4.6.multi_asset_trend"": 0.0398, ""10.4.trend_following"": -0.1105}"
53,2019-08-12,2020-08-10,2020-08-11,2020-09-09,252,21,0.27693679593897896,"{""d"": 21, ""n_factors"": 1}",4,"{""3.1.price_momentum"": -0.1712, ""3.1.price_momentum_long_only"": 0.039, ""3.4.low_volatility"": -0.1034, ""3.6.multifactor"": -0.1212, ""3.9.mean_reversion_single_cluster"": 0.0786, ""3.11.single_moving_average"": 0.0083, ""3.12.two_moving_averages"": 0.0268, ""3.14.support_resistance"": -0.0412, ""3.15.channel"": 0.0441, ""4.4.mean_reversion_ibs"": 0.2986, ""4.6.multi_asset_trend"": 0.0389, ""10.4.trend_following"": 0.0286}"
54,2019-09-11,2020-09-09,2020-09-10,2020-10-08,252,21,0.15356210904759407,"{""d"": 63, ""n_factors"": 1}",4,"{""3.1.price_momentum"": 0.082, ""3.1.price_momentum_long_only"": 0.0105, ""3.4.low_volatility"": 0.0618, ""3.6.multifactor"": 0.1241, ""3.9.mean_reversion_single_cluster"": 0.0796, ""3.11.single_moving_average"": 0.0246, ""3.12.two_moving_averages"": 0.0026, ""3.14.support_resistance"": -0.0564, ""3.15.channel"": -0.0, ""4.4.mean_reversion_ibs"": 0.5154, ""4.6.multi_asset_trend"": 0.0306, ""10.4.trend_following"": 0.0125}"
55,2019-10-10,2020-10-08,2020-10-09,2020-11-06,252,21,0.7381753965951315,"{""d"": 21, ""n_factors"": 1}",4,"{""3.1.price_momentum"": 0.1594, ""3.1.price_momentum_long_only"": 0.0611, ""3.4.low_volatility"": -0.1684, ""3.6.multifactor"": 0.0157, ""3.9.mean_reversion_single_cluster"": 0.0408, ""3.11.single_moving_average"": 0.1066, ""3.12.two_moving_averages"": -0.0291, ""3.14.support_resistance"": -0.1729, ""3.15.channel"": -0.0302, ""4.4.mean_reversion_ibs"": 0.1157, ""4.6.multi_asset_trend"": 0.0745, ""10.4.trend_following"": 0.0257}"
56,2019-11-08,2020-11-06,2020-11-09,2020-12-08,252,21,0.9287858827892209,"{""d"": 63, ""n_factors"": 1}",4,"{""3.1.price_momentum"": 0.181, ""3.1.price_momentum_long_only"": 0.0218, ""3.4.low_volatility"": 0.0222, ""3.6.multifactor"": 0.1654, ""3.9.mean_reversion_single_cluster"": 0.1307, ""3.11.single_moving_average"": 0.0538, ""3.12.two_moving_averages"": -0.0047, ""3.14.support_resistance"": -0.0819, ""3.15.channel"": -0.0075, ""4.4.mean_reversion_ibs"": 0.289, ""4.6.multi_asset_trend"": 0.0321, ""10.4.trend_following"": 0.0098}"
57,2019-12-10,2020-12-08,2020-12-09,2021-01-08,252,21,0.9130667095879834,"{""d"": 63, ""n_factors"": 1}",4,"{""3.1.price_momentum"": -0.1156, ""3.1.price_momentum_long_only"": 0.0205, ""3.4.low_volatility"": -0.1891, ""3.6.multifactor"": -0.1674, ""3.9.mean_reversion_single_cluster"": 0.0943, ""3.11.single_moving_average"": 0.0524, ""3.12.two_moving_averages"": 0.0121, ""3.14.support_resistance"": -0.0477, ""3.15.channel"": 0.0136, ""4.4.mean_reversion_ibs"": 0.2266, ""4.6.multi_asset_trend"": 0.0232, ""10.4.trend_following"": -0.0374}"
58,2020-01-10,2021-01-08,2021-01-11,2021-02-09,252,21,0.8053316234632129,"{""d"": 63, ""n_factors"": 1}",4,"{""3.1.price_momentum"": -0.0922, ""3.1.price_momentum_long_only"": 0.0274, ""3.4.low_volatility"": -0.1794, ""3.6.multifactor"": -0.16, ""3.9.mean_reversion_single_cluster"": 0.0732, ""3.11.single_moving_average"": 0.0524, ""3.12.two_moving_averages"": 0.0193, ""3.14.support_resistance"": -0.0339, ""3.15.channel"": 0.0267, ""4.4.mean_reversion_ibs"": 0.2969, ""4.6.multi_asset_trend"": 0.0355, ""10.4.trend_following"": -0.0031}"
59,2020-02-11,2021-02-09,2021-02-10,2021-03-11,252,21,0.8522556602926201,"{""d"": 63, ""n_factors"": 1}",4,"{""3.1.price_momentum"": -0.1393, ""3.1.price_momentum_long_only"": 0.0228, ""3.4.low_volatility"": -0.2012, ""3.6.multifactor"": -0.223, ""3.9.mean_reversion_single_cluster"": 0.0156, ""3.11.single_moving_average"": 0.0434, ""3.12.two_moving_averages"": 0.0106, ""3.14.support_resistance"": -0.0307, ""3.15.channel"": 0.0168, ""4.4.mean_reversion_ibs"": 0.2661, ""4.6.multi_asset_trend"": 0.0278, ""10.4.trend_following"": 0.0027}"
60,2020-03-12,2021-03-11,2021-03-12,2021-04-12,252,21,2.0399560901300218,"{""d"": 63, ""n_factors"": 1}",4,"{""3.1.price_momentum"": -0.0614, ""3.1.price_momentum_long_only"": 0.0378, ""3.4.low_volatility"": -0.2023, ""3.6.multifactor"": -0.1859, ""3.9.mean_reversion_single_cluster"": -0.0379, ""3.11.single_moving_average"": 0.0546, ""3.12.two_moving_averages"": 0.0001, ""3.14.support_resistance"": -0.0493, ""3.15.channel"": 0.0067, ""4.4.mean_reversion_ibs"": 0.2221, ""4.6.multi_asset_trend"": 0.0459, ""10.4.trend_following"": 0.096}"
61,2020-04-13,2021-04-12,2021-04-13,2021-05-11,252,21,2.302443148773532,"{""d"": 63, ""n_factors"": 1}",4,"{""3.1.price_momentum"": -0.0336, ""3.1.price_momentum_long_only"": 0.0559, ""3.4.low_volatility"": -0.0899, ""3.6.multifactor"": -0.067, ""3.9.mean_reversion_single_cluster"": -0.0463, ""3.11.single_moving_average"": 0.1586, ""3.12.two_moving_averages"": -0.0745, ""3.14.support_resistance"": -0.0361, ""3.15.channel"": -0.1204, ""4.4.mean_reversion_ibs"": 0.2683, ""4.6.multi_asset_trend"": 0.0253, ""10.4.trend_following"": -0.0241}"
62,2020-05-12,2021-05-11,2021-05-12,2021-06-10,252,21,1.5294221266573935,"{""d"": 63, ""n_factors"": 1}",4,"{""3.1.price_momentum"": -0.026, ""3.1.price_momentum_long_only"": 0.0428, ""3.4.low_volatility"": 0.0255, ""3.6.multifactor"": -0.0078, ""3.9.mean_reversion_single_cluster"": -0.0325, ""3.11.single_moving_average"": 0.2564, ""3.12.two_moving_averages"": -0.0297, ""3.14.support_resistance"": -0.048, ""3.15.channel"": -0.059, ""4.4.mean_reversion_ibs"": 0.4097, ""4.6.multi_asset_trend"": 0.0316, ""10.4.trend_following"": -0.031}"
63,2020-06-11,2021-06-10,2021-06-11,2021-07-12,252,21,1.5849562040011553,"{""d"": 63, ""n_factors"": 1}",4,"{""3.1.price_momentum"": 0.0095, ""3.1.price_momentum_long_only"": 0.0478, ""3.4.low_volatility"": 0.0677, ""3.6.multifactor"": 0.0311, ""3.9.mean_reversion_single_cluster"": -0.0682, ""3.11.single_moving_average"": 0.1433, ""3.12.two_moving_averages"": -0.0093, ""3.14.support_resistance"": 0.0029, ""3.15.channel"": -0.028, ""4.4.mean_reversion_ibs"": 0.3668, ""4.6.multi_asset_trend"": 0.0339, ""10.4.trend_following"": -0.1915}"
64,2020-07-13,2021-07-12,2021-07-13,2021-08-10,252,21,1.6805033819726753,"{""d"": 21, ""n_factors"": 2}",4,"{""3.1.price_momentum"": -0.0796, ""3.1.price_momentum_long_only"": 0.0127, ""3.4.low_volatility"": 0.0718, ""3.6.multifactor"": -0.0344, ""3.9.mean_reversion_single_cluster"": -0.0488, ""3.11.single_moving_average"": 0.1016, ""3.12.two_moving_averages"": 0.0644, ""3.14.support_resistance"": -0.2211, ""3.15.channel"": -0.1537, ""4.4.mean_reversion_ibs"": 0.0103, ""4.6.multi_asset_trend"": 0.0524, ""10.4.trend_following"": 0.1493}"
65,2020-08-11,2021-08-10,2021-08-11,2021-09-09,252,21,1.9013174760811344,"{""d"": 63, ""n_factors"": 1}",4,"{""3.1.price_momentum"": -0.0132, ""3.1.price_momentum_long_only"": 0.1066, ""3.4.low_volatility"": -0.0032, ""3.6.multifactor"": 0.01, ""3.9.mean_reversion_single_cluster"": -0.1006, ""3.11.single_moving_average"": 0.1934, ""3.12.two_moving_averages"": 0.0826, ""3.14.support_resistance"": -0.1567, ""3.15.channel"": -0.1583, ""4.4.mean_reversion_ibs"": 0.0381, ""4.6.multi_asset_trend"": 0.1204, ""10.4.trend_following"": -0.017}"
66,2020-09-10,2021-09-09,2021-09-10,2021-10-08,252,21,0.5063891748071634,"{""d"": 63, ""n_factors"": 2}",4,"{""3.1.price_momentum"": -0.0494, ""3.1.price_momentum_long_only"": 0.0485, ""3.4.low_volatility"": 0.0726, ""3.6.multifactor"": 0.0967, ""3.9.mean_reversion_single_cluster"": 0.1338, ""3.11.single_moving_average"": 0.068, ""3.12.two_moving_averages"": 0.1181, ""3.14.support_resistance"": -0.113, ""3.15.channel"": 0.0156, ""4.4.mean_reversion_ibs"": -0.0622, ""4.6.multi_asset_trend"": 0.064, ""10.4.trend_following"": 0.1581}"
67,2020-10-09,2021-10-08,2021-10-11,2021-11-08,252,21,-0.5240666649178941,"{""d"": 63, ""n_factors"": 1}",4,"{""3.1.price_momentum"": 0.0247, ""3.1.price_momentum_long_only"": 0.0555, ""3.4.low_volatility"": -0.1269, ""3.6.multifactor"": 0.018, ""3.9.mean_reversion_single_cluster"": 0.0834, ""3.11.single_moving_average"": -0.0321, ""3.12.two_moving_averages"": 0.1752, ""3.14.support_resistance"": 0.0393, ""3.15.channel"": 0.0497, ""4.4.mean_reversion_ibs"": -0.2036, ""4.6.multi_asset_trend"": 0.0352, ""10.4.trend_following"": -0.1563}"
68,2020-11-09,2021-11-08,2021-11-09,2021-12-08,252,21,1.876943208235298,"{""d"": 21, ""n_factors"": 1}",4,"{""3.1.price_momentum"": 0.1115, ""3.1.price_momentum_long_only"": 0.1546, ""3.4.low_volatility"": -0.1116, ""3.6.multifactor"": -0.0155, ""3.9.mean_reversion_single_cluster"": -0.0784, ""3.11.single_moving_average"": 0.1657, ""3.12.two_moving_averages"": -0.0002, ""3.14.support_resistance"": 0.0927, ""3.15.channel"": -0.0147, ""4.4.mean_reversion_ibs"": 0.0873, ""4.6.multi_asset_trend"": 0.1635, ""10.4.trend_following"": 0.0044}"
69,2020-12-09,2021-12-08,2021-12-09,2022-01-07,252,21,1.6387459935957354,"{""d"": 63, ""n_factors"": 1}",4,"{""3.1.price_momentum"": 0.0045, ""3.1.price_momentum_long_only"": 0.0412, ""3.4.low_volatility"": -0.1144, ""3.6.multifactor"": -0.1216, ""3.9.mean_reversion_single_cluster"": -0.1052, ""3.11.single_moving_average"": 0.0532, ""3.12.two_moving_averages"": 0.0228, ""3.14.support_resistance"": 0.0603, ""3.15.channel"": -0.1275, ""4.4.mean_reversion_ibs"": 0.1504, ""4.6.multi_asset_trend"": 0.063, ""10.4.trend_following"": -0.1358}"
70,2021-01-11,2022-01-07,2022-01-10,2022-02-08,252,21,1.1520517032118829,"{""d"": 63, ""n_factors"": 2}",4,"{""3.1.price_momentum"": -0.1571, ""3.1.price_momentum_long_only"": 0.0302, ""3.4.low_volatility"": 0.0286, ""3.6.multifactor"": -0.0857, ""3.9.mean_reversion_single_cluster"": -0.0623, ""3.11.single_moving_average"": 0.0785, ""3.12.two_moving_averages"": 0.0125, ""3.14.support_resistance"": 0.0129, ""3.15.channel"": -0.0867, ""4.4.mean_reversion_ibs"": 0.2755, ""4.6.multi_asset_trend"": 0.0678, ""10.4.trend_following"": -0.1023}"
71,2021-02-10,2022-02-08,2022-02-09,2022-03-10,252,21,0.22792064561225261,"{""d"": 63, ""n_factors"": 2}",4,"{""3.1.price_momentum"": -0.3004, ""3.1.price_momentum_long_only"": -0.0286, ""3.4.low_volatility"": -0.0565, ""3.6.multifactor"": -0.0908, ""3.9.mean_reversion_single_cluster"": 0.0275, ""3.11.single_moving_average"": -0.0217, ""3.12.two_moving_averages"": -0.0266, ""3.14.support_resistance"": 0.0705, ""3.15.channel"": -0.1557, ""4.4.mean_reversion_ibs"": 0.0404, ""4.6.multi_asset_trend"": 0.0082, ""10.4.trend_following"": -0.1732}"
72,2021-03-12,2022-03-10,2022-03-11,2022-04-08,252,21,-0.49931196199501804,"{""d"": 63, ""n_factors"": 2}",4,"{""3.1.price_momentum"": -0.1494, ""3.1.price_momentum_long_only"": -0.0561, ""3.4.low_volatility"": 0.0791, ""3.6.multifactor"": -0.0447, ""3.9.mean_reversion_single_cluster"": -0.0429, ""3.11.single_moving_average"": -0.2002, ""3.12.two_moving_averages"": -0.1254, ""3.14.support_resistance"": 0.0023, ""3.15.channel"": -0.0395, ""4.4.mean_reversion_ibs"": -0.0259, ""4.6.multi_asset_trend"": -0.0635, ""10.4.trend_following"": -0.171}"
73,2021-04-13,2022-04-08,2022-04-11,2022-05-10,252,21,0.5176874788987141,"{""d"": 21, ""n_factors"": 2}",4,"{""3.1.price_momentum"": 0.092, ""3.1.price_momentum_long_only"": 0.0433, ""3.4.low_volatility"": 0.0892, ""3.6.multifactor"": 0.1157, ""3.9.mean_reversion_single_cluster"": -0.1188, ""3.11.single_moving_average"": 0.0154, ""3.12.two_moving_averages"": -0.1212, ""3.14.support_resistance"": 0.0825, ""3.15.channel"": -0.0695, ""4.4.mean_reversion_ibs"": 0.0797, ""4.6.multi_asset_trend"": 0.0723, ""10.4.trend_following"": 0.1005}"
74,2021-05-12,2022-05-10,2022-05-11,2022-06-09,252,21,-0.4236340140648526,"{""d"": 63, ""n_factors"": 2}",4,"{""3.1.price_momentum"": 0.1589, ""3.1.price_momentum_long_only"": -0.0161, ""3.4.low_volatility"": 0.1314, ""3.6.multifactor"": 0.2408, ""3.9.mean_reversion_single_cluster"": -0.0729, ""3.11.single_moving_average"": 0.0016, ""3.12.two_moving_averages"": -0.0427, ""3.14.support_resistance"": -0.0716, ""3.15.channel"": -0.0732, ""4.4.mean_reversion_ibs"": 0.0866, ""4.6.multi_asset_trend"": -0.0233, ""10.4.trend_following"": 0.0809}"
75,2021-06-11,2022-06-09,2022-06-10,2022-07-12,252,21,0.6557313019391193,"{""d"": 63, ""n_factors"": 1}",4,"{""3.1.price_momentum"": -0.0496, ""3.1.price_momentum_long_only"": -0.0575, ""3.4.low_volatility"": 0.121, ""3.6.multifactor"": 0.0623, ""3.9.mean_reversion_single_cluster"": -0.0925, ""3.11.single_moving_average"": 0.0281, ""3.12.two_moving_averages"": -0.176, ""3.14.support_resistance"": -0.0597, ""3.15.channel"": -0.2212, ""4.4.mean_reversion_ibs"": 0.0348, ""4.6.multi_asset_trend"": -0.0185, ""10.4.trend_following"": 0.0789}"
76,2021-07-13,2022-07-12,2022-07-13,2022-08-10,252,21,1.0141961064689717,"{""d"": 21, ""n_factors"": 1}",4,"{""3.1.price_momentum"": 0.0308, ""3.1.price_momentum_long_only"": -0.0372, ""3.4.low_volatility"": 0.1222, ""3.6.multifactor"": 0.1917, ""3.9.mean_reversion_single_cluster"": 0.0736, ""3.11.single_moving_average"": 0.0287, ""3.12.two_moving_averages"": -0.2097, ""3.14.support_resistance"": 0.1076, ""3.15.channel"": -0.0335, ""4.4.mean_reversion_ibs"": 0.0478, ""4.6.multi_asset_trend"": -0.1029, ""10.4.trend_following"": -0.0141}"
77,2021-08-11,2022-08-10,2022-08-11,2022-09-09,252,21,0.42708421444354144,"{""d"": 63, ""n_factors"": 1}",4,"{""3.1.price_momentum"": -0.1762, ""3.1.price_momentum_long_only"": -0.0199, ""3.4.low_volatility"": 0.0244, ""3.6.multifactor"": -0.1333, ""3.9.mean_reversion_single_cluster"": 0.0089, ""3.11.single_moving_average"": -0.1383, ""3.12.two_moving_averages"": -0.1655, ""3.14.support_resistance"": 0.098, ""3.15.channel"": -0.0498, ""4.4.mean_reversion_ibs"": -0.0787, ""4.6.multi_asset_trend"": -0.0494, ""10.4.trend_following"": -0.0576}"
78,2021-09-10,2022-09-09,2022-09-12,2022-10-10,252,21,0.8119457001724979,"{""d"": 63, ""n_factors"": 1}",4,"{""3.1.price_momentum"": -0.033, ""3.1.price_momentum_long_only"": -0.0035, ""3.4.low_volatility"": 0.0714, ""3.6.multifactor"": -0.0044, ""3.9.mean_reversion_single_cluster"": -0.0074, ""3.11.single_moving_average"": -0.1234, ""3.12.two_moving_averages"": -0.2236, ""3.14.support_resistance"": 0.1732, ""3.15.channel"": -0.0883, ""4.4.mean_reversion_ibs"": -0.0988, ""4.6.multi_asset_trend"": -0.0528, ""10.4.trend_following"": -0.1203}"
79,2021-10-11,2022-10-10,2022-10-11,2022-11-08,252,21,-0.6973436135636313,"{""d"": 21, ""n_factors"": 1}",4,"{""3.1.price_momentum"": 0.2064, ""3.1.price_momentum_long_only"": -0.0396, ""3.4.low_volatility"": -0.068, ""3.6.multifactor"": 0.108, ""3.9.mean_reversion_single_cluster"": 0.1004, ""3.11.single_moving_average"": 0.1257, ""3.12.two_moving_averages"": 0.1198, ""3.14.support_resistance"": -0.0001, ""3.15.channel"": 0.0827, ""4.4.mean_reversion_ibs"": 0.1194, ""4.6.multi_asset_trend"": -0.0232, ""10.4.trend_following"": -0.0068}"
80,2021-11-09,2022-11-08,2022-11-09,2022-12-08,252,21,-0.3084803339493812,"{""d"": 63, ""n_factors"": 1}",4,"{""3.1.price_momentum"": 0.3953, ""3.1.price_momentum_long_only"": 0.0284, ""3.4.low_volatility"": -0.0114, ""3.6.multifactor"": 0.1856, ""3.9.mean_reversion_single_cluster"": 0.016, ""3.11.single_moving_average"": 0.0527, ""3.12.two_moving_averages"": -0.0122, ""3.14.support_resistance"": 0.0135, ""3.15.channel"": -0.0508, ""4.4.mean_reversion_ibs"": -0.0789, ""4.6.multi_asset_trend"": 0.0698, ""10.4.trend_following"": 0.0855}"
81,2021-12-09,2022-12-08,2022-12-09,2023-01-10,252,21,-0.019757291736622395,"{""d"": 21, ""n_factors"": 1}",4,"{""3.1.price_momentum"": -0.038, ""3.1.price_momentum_long_only"": -0.0329, ""3.4.low_volatility"": 0.0459, ""3.6.multifactor"": 0.0729, ""3.9.mean_reversion_single_cluster"": 0.0675, ""3.11.single_moving_average"": -0.0804, ""3.12.two_moving_averages"": -0.04, ""3.14.support_resistance"": -0.1183, ""3.15.channel"": -0.0557, ""4.4.mean_reversion_ibs"": -0.1999, ""4.6.multi_asset_trend"": -0.0614, ""10.4.trend_following"": -0.187}"
82,2022-01-10,2023-01-10,2023-01-11,2023-02-09,252,21,0.2191849613452254,"{""d"": 21, ""n_factors"": 1}",4,"{""3.1.price_momentum"": -0.2108, ""3.1.price_momentum_long_only"": -0.0179, ""3.4.low_volatility"": -0.1164, ""3.6.multifactor"": -0.1263, ""3.9.mean_reversion_single_cluster"": 0.006, ""3.11.single_moving_average"": -0.0706, ""3.12.two_moving_averages"": -0.1487, ""3.14.support_resistance"": -0.0958, ""3.15.channel"": -0.1265, ""4.4.mean_reversion_ibs"": 0.0605, ""4.6.multi_asset_trend"": -0.0192, ""10.4.trend_following"": -0.0014}"
83,2022-02-09,2023-02-09,2023-02-10,2023-03-13,252,21,0.31795403545243733,"{""d"": 63, ""n_factors"": 1}",4,"{""3.1.price_momentum"": -0.1917, ""3.1.price_momentum_long_only"": -0.0434, ""3.4.low_volatility"": -0.108, ""3.6.multifactor"": -0.1195, ""3.9.mean_reversion_single_cluster"": 0.0057, ""3.11.single_moving_average"": -0.0628, ""3.12.two_moving_averages"": -0.0908, ""3.14.support_resistance"": -0.0638, ""3.15.channel"": -0.0941, ""4.4.mean_reversion_ibs"": -0.0962, ""4.6.multi_asset_trend"": -0.0515, ""10.4.trend_following"": -0.0726}"
84,2022-03-11,2023-03-13,2023-03-14,2023-04-12,252,21,0.3294898979842269,"{""d"": 63, ""n_factors"": 1}",4,"{""3.1.price_momentum"": -0.1258, ""3.1.price_momentum_long_only"": -0.0706, ""3.4.low_volatility"": -0.1768, ""3.6.multifactor"": -0.1628, ""3.9.mean_reversion_single_cluster"": -0.0905, ""3.11.single_moving_average"": -0.0902, ""3.12.two_moving_averages"": -0.0331, ""3.14.support_resistance"": -0.0136, ""3.15.channel"": -0.0692, ""4.4.mean_reversion_ibs"": -0.0342, ""4.6.multi_asset_trend"": -0.0635, ""10.4.trend_following"": -0.0697}"
85,2022-04-11,2023-04-12,2023-04-13,2023-05-11,252,21,0.8630511571147054,"{""d"": 63, ""n_factors"": 2}",4,"{""3.1.price_momentum"": -0.0097, ""3.1.price_momentum_long_only"": -0.0591, ""3.4.low_volatility"": -0.1192, ""3.6.multifactor"": -0.0713, ""3.9.mean_reversion_single_cluster"": -0.0046, ""3.11.single_moving_average"": -0.101, ""3.12.two_moving_averages"": -0.0399, ""3.14.support_resistance"": -0.0415, ""3.15.channel"": -0.1126, ""4.4.mean_reversion_ibs"": -0.1364, ""4.6.multi_asset_trend"": -0.0501, ""10.4.trend_following"": -0.2547}"
86,2022-05-11,2023-05-11,2023-05-12,2023-06-12,252,21,-0.3579419700557085,"{""d"": 63, ""n_factors"": 1}",4,"{""3.1.price_momentum"": 0.21, ""3.1.price_momentum_long_only"": 0.0241, ""3.4.low_volatility"": 0.1022, ""3.6.multifactor"": 0.1645, ""3.9.mean_reversion_single_cluster"": 0.06, ""3.11.single_moving_average"": -0.0671, ""3.12.two_moving_averages"": 0.0114, ""3.14.support_resistance"": -0.0895, ""3.15.channel"": -0.0532, ""4.4.mean_reversion_ibs"": 0.1637, ""4.6.multi_asset_trend"": 0.0278, ""10.4.trend_following"": -0.0265}"
87,2022-06-10,2023-06-12,2023-06-13,2023-07-13,252,21,0.5077589427284696,"{""d"": 63, ""n_factors"": 2}",4,"{""3.1.price_momentum"": -0.0546, ""3.1.price_momentum_long_only"": 0.0482, ""3.4.low_volatility"": -0.0805, ""3.6.multifactor"": -0.087, ""3.9.mean_reversion_single_cluster"": 0.0322, ""3.11.single_moving_average"": 0.1028, ""3.12.two_moving_averages"": -0.1655, ""3.14.support_resistance"": 0.0283, ""3.15.channel"": -0.0712, ""4.4.mean_reversion_ibs"": 0.0223, ""4.6.multi_asset_trend"": 0.0368, ""10.4.trend_following"": -0.2706}"
88,2022-07-13,2023-07-13,2023-07-14,2023-08-11,252,21,0.4752503273720779,"{""d"": 63, ""n_factors"": 1}",4,"{""3.1.price_momentum"": 0.0608, ""3.1.price_momentum_long_only"": 0.0616, ""3.4.low_volatility"": -0.1925, ""3.6.multifactor"": -0.0633, ""3.9.mean_reversion_single_cluster"": -0.0308, ""3.11.single_moving_average"": 0.0968, ""3.12.two_moving_averages"": -0.0344, ""3.14.support_resistance"": 0.0439, ""3.15.channel"": -0.027, ""4.4.mean_reversion_ibs"": 0.1243, ""4.6.multi_asset_trend"": 0.0886, ""10.4.trend_following"": 0.176}"
89,2022-08-11,2023-08-11,2023-08-14,2023-09-12,252,21,0.23651591761449245,"{""d"": 63, ""n_factors"": 1}",4,"{""3.1.price_momentum"": -0.0514, ""3.1.price_momentum_long_only"": 0.0241, ""3.4.low_volatility"": -0.2795, ""3.6.multifactor"": -0.1322, ""3.9.mean_reversion_single_cluster"": 0.02, ""3.11.single_moving_average"": 0.0639, ""3.12.two_moving_averages"": -0.0888, ""3.14.support_resistance"": 0.1038, ""3.15.channel"": -0.0581, ""4.4.mean_reversion_ibs"": 0.1044, ""4.6.multi_asset_trend"": 0.0598, ""10.4.trend_following"": -0.0139}"
90,2022-09-12,2023-09-12,2023-09-13,2023-10-11,252,21,-1.4362224466085927,"{""d"": 21, ""n_factors"": 1}",4,"{""3.1.price_momentum"": 0.2205, ""3.1.price_momentum_long_only"": 0.0223, ""3.4.low_volatility"": -0.0313, ""3.6.multifactor"": 0.0954, ""3.9.mean_reversion_single_cluster"": 0.1757, ""3.11.single_moving_average"": -0.053, ""3.12.two_moving_averages"": 0.0057, ""3.14.support_resistance"": -0.0084, ""3.15.channel"": -0.0532, ""4.4.mean_reversion_ibs"": 0.3084, ""4.6.multi_asset_trend"": -0.0007, ""10.4.trend_following"": -0.0255}"
91,2022-10-11,2023-10-11,2023-10-12,2023-11-09,252,21,-2.17073944543567,"{""d"": 63, ""n_factors"": 1}",4,"{""3.1.price_momentum"": 0.0648, ""3.1.price_momentum_long_only"": -0.025, ""3.4.low_volatility"": 0.0493, ""3.6.multifactor"": 0.0578, ""3.9.mean_reversion_single_cluster"": 0.0845, ""3.11.single_moving_average"": -0.1469, ""3.12.two_moving_averages"": -0.0187, ""3.14.support_resistance"": -0.0084, ""3.15.channel"": -0.0413, ""4.4.mean_reversion_ibs"": 0.4276, ""4.6.multi_asset_trend"": -0.0266, ""10.4.trend_following"": -0.049}"
92,2022-11-09,2023-11-09,2023-11-10,2023-12-11,252,21,-0.7160532500568421,"{""d"": 21, ""n_factors"": 1}",4,"{""3.1.price_momentum"": 0.0469, ""3.1.price_momentum_long_only"": 0.0231, ""3.4.low_volatility"": 0.1212, ""3.6.multifactor"": 0.1239, ""3.9.mean_reversion_single_cluster"": 0.0492, ""3.11.single_moving_average"": -0.256, ""3.12.two_moving_averages"": -0.0098, ""3.14.support_resistance"": 0.1146, ""3.15.channel"": -0.0119, ""4.4.mean_reversion_ibs"": 0.1089, ""4.6.multi_asset_trend"": -0.0135, ""10.4.trend_following"": -0.121}"
93,2022-12-09,2023-12-11,2023-12-12,2024-01-11,252,21,0.19280020593705027,"{""d"": 21, ""n_factors"": 1}",4,"{""3.1.price_momentum"": -0.041, ""3.1.price_momentum_long_only"": 0.0752, ""3.4.low_volatility"": -0.1017, ""3.6.multifactor"": -0.0934, ""3.9.mean_reversion_single_cluster"": 0.0379, ""3.11.single_moving_average"": -0.0628, ""3.12.two_moving_averages"": 0.0966, ""3.14.support_resistance"": -0.0316, ""3.15.channel"": 0.0569, ""4.4.mean_reversion_ibs"": 0.2035, ""4.6.multi_asset_trend"": 0.0676, ""10.4.trend_following"": -0.1318}"
94,2023-01-11,2024-01-11,2024-01-12,2024-02-12,252,21,1.0175124355620713,"{""d"": 63, ""n_factors"": 1}",4,"{""3.1.price_momentum"": 0.0056, ""3.1.price_momentum_long_only"": 0.0922, ""3.4.low_volatility"": -0.0809, ""3.6.multifactor"": -0.0684, ""3.9.mean_reversion_single_cluster"": 0.0296, ""3.11.single_moving_average"": -0.0669, ""3.12.two_moving_averages"": 0.0799, ""3.14.support_resistance"": 0.0678, ""3.15.channel"": 0.071, ""4.4.mean_reversion_ibs"": 0.1245, ""4.6.multi_asset_trend"": 0.0798, ""10.4.trend_following"": -0.2331}"
95,2023-02-10,2024-02-12,2024-02-13,2024-03-13,252,21,1.1614374716512916,"{""d"": 63, ""n_factors"": 1}",4,"{""3.1.price_momentum"": 0.1802, ""3.1.price_momentum_long_only"": 0.1112, ""3.4.low_volatility"": -0.0398, ""3.6.multifactor"": 0.0817, ""3.9.mean_reversion_single_cluster"": 0.0373, ""3.11.single_moving_average"": 0.0707, ""3.12.two_moving_averages"": 0.0635, ""3.14.support_resistance"": -0.1207, ""3.15.channel"": 0.0551, ""4.4.mean_reversion_ibs"": 0.0559, ""4.6.multi_asset_trend"": 0.1054, ""10.4.trend_following"": -0.0784}"
96,2023-03-14,2024-03-13,2024-03-14,2024-04-12,252,21,1.5501573082658855,"{""d"": 63, ""n_factors"": 1}",4,"{""3.1.price_momentum"": 0.1899, ""3.1.price_momentum_long_only"": 0.0874, ""3.4.low_volatility"": -0.0337, ""3.6.multifactor"": 0.1084, ""3.9.mean_reversion_single_cluster"": 0.0467, ""3.11.single_moving_average"": 0.2122, ""3.12.two_moving_averages"": 0.0426, ""3.14.support_resistance"": -0.0916, ""3.15.channel"": 0.0784, ""4.4.mean_reversion_ibs"": 0.013, ""4.6.multi_asset_trend"": 0.0924, ""10.4.trend_following"": 0.0036}"
97,2023-04-13,2024-04-12,2024-04-15,2024-05-13,252,21,0.8030207961663139,"{""d"": 63, ""n_factors"": 1}",4,"{""3.1.price_momentum"": 0.112, ""3.1.price_momentum_long_only"": 0.0521, ""3.4.low_volatility"": -0.0609, ""3.6.multifactor"": 0.0533, ""3.9.mean_reversion_single_cluster"": 0.1039, ""3.11.single_moving_average"": 0.1079, ""3.12.two_moving_averages"": 0.0446, ""3.14.support_resistance"": -0.0881, ""3.15.channel"": 0.0645, ""4.4.mean_reversion_ibs"": 0.1928, ""4.6.multi_asset_trend"": 0.057, ""10.4.trend_following"": 0.0629}"
98,2023-05-12,2024-05-13,2024-05-14,2024-06-12,252,21,1.3963144985670606,"{""d"": 63, ""n_factors"": 2}",4,"{""3.1.price_momentum"": -0.0389, ""3.1.price_momentum_long_only"": 0.1009, ""3.4.low_volatility"": -0.0401, ""3.6.multifactor"": 0.088, ""3.9.mean_reversion_single_cluster"": 0.2028, ""3.11.single_moving_average"": 0.2262, ""3.12.two_moving_averages"": -0.0021, ""3.14.support_resistance"": -0.033, ""3.15.channel"": -0.006, ""4.4.mean_reversion_ibs"": 0.1557, ""4.6.multi_asset_trend"": 0.0922, ""10.4.trend_following"": 0.0139}"
99,2023-06-13,2024-06-12,2024-06-13,2024-07-15,252,21,1.0271801602346418,"{""d"": 63, ""n_factors"": 2}",4,"{""3.1.price_momentum"": -0.0013, ""3.1.price_momentum_long_only"": 0.0801, ""3.4.low_volatility"": -0.099, ""3.6.multifactor"": 0.0375, ""3.9.mean_reversion_single_cluster"": 0.1261, ""3.11.single_moving_average"": 0.1436, ""3.12.two_moving_averages"": -0.0938, ""3.14.support_resistance"": 0.0158, ""3.15.channel"": -0.0863, ""4.4.mean_reversion_ibs"": 0.1613, ""4.6.multi_asset_trend"": 0.0583, ""10.4.trend_following"": 0.0969}"
100,2023-07-14,2024-07-15,2024-07-16,2024-08-13,252,21,1.1891430696741179,"{""d"": 63, ""n_factors"": 2}",4,"{""3.1.price_momentum"": 0.011, ""3.1.price_momentum_long_only"": 0.0759, ""3.4.low_volatility"": -0.0421, ""3.6.multifactor"": 0.0623, ""3.9.mean_reversion_single_cluster"": 0.1148, ""3.11.single_moving_average"": 0.141, ""3.12.two_moving_averages"": -0.0863, ""3.14.support_resistance"": 0.1224, ""3.15.channel"": -0.1124, ""4.4.mean_reversion_ibs"": 0.0771, ""4.6.multi_asset_trend"": 0.0613, ""10.4.trend_following"": -0.0933}"
101,2023-08-14,2024-08-13,2024-08-14,2024-09-12,252,21,1.052048438277647,"{""d"": 63, ""n_factors"": 2}",4,"{""3.1.price_momentum"": -0.0639, ""3.1.price_momentum_long_only"": 0.0587, ""3.4.low_volatility"": 0.111, ""3.6.multifactor"": 0.0328, ""3.9.mean_reversion_single_cluster"": 0.1283, ""3.11.single_moving_average"": 0.0392, ""3.12.two_moving_averages"": 0.0385, ""3.14.support_resistance"": 0.0563, ""3.15.channel"": -0.0008, ""4.4.mean_reversion_ibs"": -0.099, ""4.6.multi_asset_trend"": 0.0852, ""10.4.trend_following"": -0.2863}"
102,2023-09-13,2024-09-12,2024-09-13,2024-10-11,252,21,1.9522399557219012,"{""d"": 63, ""n_factors"": 2}",4,"{""3.1.price_momentum"": -0.0686, ""3.1.price_momentum_long_only"": 0.077, ""3.4.low_volatility"": 0.165, ""3.6.multifactor"": 0.0685, ""3.9.mean_reversion_single_cluster"": 0.0488, ""3.11.single_moving_average"": 0.1592, ""3.12.two_moving_averages"": -0.0191, ""3.14.support_resistance"": 0.0997, ""3.15.channel"": -0.0113, ""4.4.mean_reversion_ibs"": 0.059, ""4.6.multi_asset_trend"": 0.0887, ""10.4.trend_following"": -0.1352}"
103,2023-10-12,2024-10-11,2024-10-14,2024-11-11,252,21,1.8796924055061839,"{""d"": 63, ""n_factors"": 2}",4,"{""3.1.price_momentum"": 0.0106, ""3.1.price_momentum_long_only"": 0.0887, ""3.4.low_volatility"": 0.1168, ""3.6.multifactor"": 0.0358, ""3.9.mean_reversion_single_cluster"": 0.0678, ""3.11.single_moving_average"": 0.1052, ""3.12.two_moving_averages"": 0.0134, ""3.14.support_resistance"": 0.0148, ""3.15.channel"": 0.0535, ""4.4.mean_reversion_ibs"": -0.1706, ""4.6.multi_asset_trend"": 0.0845, ""10.4.trend_following"": -0.2383}"
104,2023-11-10,2024-11-11,2024-11-12,2024-12-11,252,21,1.8260619458040863,"{""d"": 63, ""n_factors"": 2}",4,"{""3.1.price_momentum"": 0.1318, ""3.1.price_momentum_long_only"": 0.079, ""3.4.low_volatility"": 0.0521, ""3.6.multifactor"": 0.1495, ""3.9.mean_reversion_single_cluster"": 0.0318, ""3.11.single_moving_average"": 0.1663, ""3.12.two_moving_averages"": 0.0011, ""3.14.support_resistance"": 0.0782, ""3.15.channel"": 0.1099, ""4.4.mean_reversion_ibs"": 0.0047, ""4.6.multi_asset_trend"": 0.0794, ""10.4.trend_following"": 0.1161}"
105,2023-12-12,2024-12-11,2024-12-12,2025-01-14,252,21,1.4996225139331658,"{""d"": 63, ""n_factors"": 2}",4,"{""3.1.price_momentum"": 0.1344, ""3.1.price_momentum_long_only"": 0.0681, ""3.4.low_volatility"": -0.0474, ""3.6.multifactor"": 0.1255, ""3.9.mean_reversion_single_cluster"": 0.099, ""3.11.single_moving_average"": 0.0804, ""3.12.two_moving_averages"": -0.0599, ""3.14.support_resistance"": 0.1293, ""3.15.channel"": 0.069, ""4.4.mean_reversion_ibs"": -0.063, ""4.6.multi_asset_trend"": 0.058, ""10.4.trend_following"": 0.066}"
106,2024-01-12,2025-01-14,2025-01-15,2025-02-13,252,21,0.9833050378135757,"{""d"": 63, ""n_factors"": 2}",4,"{""3.1.price_momentum"": 0.1086, ""3.1.price_momentum_long_only"": 0.0238, ""3.4.low_volatility"": -0.075, ""3.6.multifactor"": 0.1137, ""3.9.mean_reversion_single_cluster"": 0.051, ""3.11.single_moving_average"": 0.0363, ""3.12.two_moving_averages"": -0.0971, ""3.14.support_resistance"": 0.1526, ""3.15.channel"": 0.0218, ""4.4.mean_reversion_ibs"": 0.1001, ""4.6.multi_asset_trend"": 0.0237, ""10.4.trend_following"": 0.1964}"
107,2024-02-13,2025-02-13,2025-02-14,2025-03-17,252,21,1.463351302292995,"{""d"": 21, ""n_factors"": 1}",4,"{""3.1.price_momentum"": 0.1553, ""3.1.price_momentum_long_only"": 0.0493, ""3.4.low_volatility"": -0.0072, ""3.6.multifactor"": 0.1576, ""3.9.mean_reversion_single_cluster"": 0.0171, ""3.11.single_moving_average"": 0.0754, ""3.12.two_moving_averages"": -0.1235, ""3.14.support_resistance"": 0.037, ""3.15.channel"": -0.1426, ""4.4.mean_reversion_ibs"": -0.0682, ""4.6.multi_asset_trend"": 0.0546, ""10.4.trend_following"": 0.1123}"
108,2024-03-14,2025-03-17,2025-03-18,2025-04-15,252,21,-0.6077631387629918,"{""d"": 63, ""n_factors"": 2}",4,"{""3.1.price_momentum"": 0.0206, ""3.1.price_momentum_long_only"": -0.023, ""3.4.low_volatility"": -0.0187, ""3.6.multifactor"": -0.045, ""3.9.mean_reversion_single_cluster"": -0.0947, ""3.11.single_moving_average"": -0.1768, ""3.12.two_moving_averages"": -0.1799, ""3.14.support_resistance"": -0.0654, ""3.15.channel"": -0.2727, ""4.4.mean_reversion_ibs"": -0.0723, ""4.6.multi_asset_trend"": -0.0109, ""10.4.trend_following"": 0.02}"
109,2024-04-15,2025-04-15,2025-04-16,2025-05-15,252,21,0.36570714780876623,"{""d"": 63, ""n_factors"": 1}",4,"{""3.1.price_momentum"": -0.0071, ""3.1.price_momentum_long_only"": -0.0278, ""3.4.low_volatility"": 0.1656, ""3.6.multifactor"": 0.2808, ""3.9.mean_reversion_single_cluster"": 0.0393, ""3.11.single_moving_average"": -0.0628, ""3.12.two_moving_averages"": -0.0695, ""3.14.support_resistance"": -0.101, ""3.15.channel"": -0.0443, ""4.4.mean_reversion_ibs"": -0.1454, ""4.6.multi_asset_trend"": -0.0354, ""10.4.trend_following"": 0.0211}"
110,2024-05-14,2025-05-15,2025-05-16,2025-06-16,252,21,-0.5723633437342935,"{""d"": 63, ""n_factors"": 1}",4,"{""3.1.price_momentum"": -0.1977, ""3.1.price_momentum_long_only"": -0.04, ""3.4.low_volatility"": 0.0055, ""3.6.multifactor"": -0.1856, ""3.9.mean_reversion_single_cluster"": -0.0719, ""3.11.single_moving_average"": -0.1427, ""3.12.two_moving_averages"": -0.0002, ""3.14.support_resistance"": -0.0998, ""3.15.channel"": -0.0132, ""4.4.mean_reversion_ibs"": -0.0524, ""4.6.multi_asset_trend"": -0.0618, ""10.4.trend_following"": -0.1294}"
111,2024-06-13,2025-06-16,2025-06-17,2025-07-17,252,21,-0.7326674984920037,"{""d"": 63, ""n_factors"": 1}",4,"{""3.1.price_momentum"": -0.0226, ""3.1.price_momentum_long_only"": -0.0205, ""3.4.low_volatility"": -0.1311, ""3.6.multifactor"": -0.2374, ""3.9.mean_reversion_single_cluster"": -0.0705, ""3.11.single_moving_average"": -0.0916, ""3.12.two_moving_averages"": 0.0239, ""3.14.support_resistance"": -0.165, ""3.15.channel"": 0.0232, ""4.4.mean_reversion_ibs"": -0.0713, ""4.6.multi_asset_trend"": -0.0521, ""10.4.trend_following"": -0.0908}"
112,2024-07-16,2025-07-17,2025-07-18,2025-08-15,252,21,-0.4266883063880961,"{""d"": 21, ""n_factors"": 1}",4,"{""3.1.price_momentum"": -0.0009, ""3.1.price_momentum_long_only"": 0.0462, ""3.4.low_volatility"": -0.1626, ""3.6.multifactor"": -0.2484, ""3.9.mean_reversion_single_cluster"": -0.0133, ""3.11.single_moving_average"": 0.0452, ""3.12.two_moving_averages"": 0.0532, ""3.14.support_resistance"": -0.0818, ""3.15.channel"": 0.102, ""4.4.mean_reversion_ibs"": -0.0335, ""4.6.multi_asset_trend"": 0.0732, ""10.4.trend_following"": 0.1397}"
113,2024-08-14,2025-08-15,2025-08-18,2025-09-16,252,21,-0.34750749246780127,"{""d"": 63, ""n_factors"": 2}",4,"{""3.1.price_momentum"": -0.0085, ""3.1.price_momentum_long_only"": 0.0245, ""3.4.low_volatility"": -0.1467, ""3.6.multifactor"": -0.1947, ""3.9.mean_reversion_single_cluster"": 0.0584, ""3.11.single_moving_average"": 0.0478, ""3.12.two_moving_averages"": 0.0375, ""3.14.support_resistance"": -0.1056, ""3.15.channel"": 0.073, ""4.4.mean_reversion_ibs"": -0.1635, ""4.6.multi_asset_trend"": 0.0397, ""10.4.trend_following"": 0.1003}"
114,2024-09-13,2025-09-16,2025-09-17,2025-10-15,252,21,0.31014266556742137,"{""d"": 21, ""n_factors"": 2}",4,"{""3.1.price_momentum"": 0.2223, ""3.1.price_momentum_long_only"": 0.0577, ""3.4.low_volatility"": -0.1591, ""3.6.multifactor"": -0.0797, ""3.9.mean_reversion_single_cluster"": -0.101, ""3.11.single_moving_average"": 0.0903, ""3.12.two_moving_averages"": 0.0165, ""3.14.support_resistance"": -0.0454, ""3.15.channel"": 0.0256, ""4.4.mean_reversion_ibs"": 0.0274, ""4.6.multi_asset_trend"": 0.0761, ""10.4.trend_following"": 0.0991}"
115,2024-10-14,2025-10-15,2025-10-16,2025-11-14,252,21,-0.18161349279923555,"{""d"": 63, ""n_factors"": 2}",4,"{""3.1.price_momentum"": 0.2082, ""3.1.price_momentum_long_only"": 0.0514, ""3.4.low_volatility"": -0.1488, ""3.6.multifactor"": -0.0151, ""3.9.mean_reversion_single_cluster"": -0.0492, ""3.11.single_moving_average"": 0.1365, ""3.12.two_moving_averages"": 0.0566, ""3.14.support_resistance"": -0.0199, ""3.15.channel"": 0.022, ""4.4.mean_reversion_ibs"": 0.1129, ""4.6.multi_asset_trend"": 0.078, ""10.4.trend_following"": 0.1014}"
116,2024-11-12,2025-11-14,2025-11-17,2025-12-16,252,21,-0.21315989603284402,"{""d"": 63, ""n_factors"": 2}",4,"{""3.1.price_momentum"": 0.2147, ""3.1.price_momentum_long_only"": 0.0553, ""3.4.low_volatility"": -0.1335, ""3.6.multifactor"": -0.0429, ""3.9.mean_reversion_single_cluster"": -0.0952, ""3.11.single_moving_average"": 0.1075, ""3.12.two_moving_averages"": 0.0181, ""3.14.support_resistance"": -0.0051, ""3.15.channel"": 0.0064, ""4.4.mean_reversion_ibs"": 0.1038, ""4.6.multi_asset_trend"": 0.0812, ""10.4.trend_following"": 0.1363}"
117,2024-12-12,2025-12-16,2025-12-17,2026-01-16,252,21,0.2774818203948189,"{""d"": 21, ""n_factors"": 2}",4,"{""3.1.price_momentum"": -0.0964, ""3.1.price_momentum_long_only"": 0.0216, ""3.4.low_volatility"": -0.1235, ""3.6.multifactor"": -0.3358, ""3.9.mean_reversion_single_cluster"": -0.1895, ""3.11.single_moving_average"": 0.0146, ""3.12.two_moving_averages"": -0.0205, ""3.14.support_resistance"": -0.013, ""3.15.channel"": -0.0108, ""4.4.mean_reversion_ibs"": 0.0927, ""4.6.multi_asset_trend"": 0.0616, ""10.4.trend_following"": 0.02}"
118,2025-01-15,2026-01-16,2026-01-20,2026-02-18,252,21,0.5018277224999118,"{""d"": 63, ""n_factors"": 1}",4,"{""3.1.price_momentum"": 0.0602, ""3.1.price_momentum_long_only"": 0.063, ""3.4.low_volatility"": -0.116, ""3.6.multifactor"": -0.155, ""3.9.mean_reversion_single_cluster"": -0.104, ""3.11.single_moving_average"": 0.1104, ""3.12.two_moving_averages"": 0.0314, ""3.14.support_resistance"": 0.0284, ""3.15.channel"": 0.049, ""4.4.mean_reversion_ibs"": 0.0836, ""4.6.multi_asset_trend"": 0.1276, ""10.4.trend_following"": 0.0713}"
119,2025-02-14,2026-02-18,2026-02-19,2026-03-19,252,21,1.11854063015189,"{""d"": 63, ""n_factors"": 2}",4,"{""3.1.price_momentum"": 0.0697, ""3.1.price_momentum_long_only"": 0.0861, ""3.4.low_volatility"": -0.0847, ""3.6.multifactor"": -0.0766, ""3.9.mean_reversion_single_cluster"": -0.0582, ""3.11.single_moving_average"": 0.1245, ""3.12.two_moving_averages"": 0.0914, ""3.14.support_resistance"": -0.0587, ""3.15.channel"": 0.0759, ""4.4.mean_reversion_ibs"": -0.0232, ""4.6.multi_asset_trend"": 0.1486, ""10.4.trend_following"": 0.1023}"
120,2025-03-18,2026-03-19,2026-03-20,2026-04-20,252,21,0.9008496530462788,"{""d"": 63, ""n_factors"": 2}",4,"{""3.1.price_momentum"": 0.1709, ""3.1.price_momentum_long_only"": 0.065, ""3.4.low_volatility"": -0.0228, ""3.6.multifactor"": 0.0917, ""3.9.mean_reversion_single_cluster"": 0.0131, ""3.11.single_moving_average"": 0.0764, ""3.12.two_moving_averages"": 0.0936, ""3.14.support_resistance"": -0.0767, ""3.15.channel"": 0.0728, ""4.4.mean_reversion_ibs"": -0.1433, ""4.6.multi_asset_trend"": 0.1223, ""10.4.trend_following"": 0.0513}"
121,2025-04-16,2026-04-20,2026-04-21,2026-05-19,252,21,2.582999968943391,"{""d"": 21, ""n_factors"": 1}",4,"{""3.1.price_momentum"": 0.097, ""3.1.price_momentum_long_only"": 0.092, ""3.4.low_volatility"": -0.1009, ""3.6.multifactor"": -0.059, ""3.9.mean_reversion_single_cluster"": -0.0092, ""3.11.single_moving_average"": 0.0347, ""3.12.two_moving_averages"": -0.1446, ""3.14.support_resistance"": -0.0478, ""3.15.channel"": -0.1761, ""4.4.mean_reversion_ibs"": -0.0629, ""4.6.multi_asset_trend"": 0.0976, ""10.4.trend_following"": -0.0782}"
122,2025-05-16,2026-05-19,2026-05-20,2026-06-18,252,21,1.7128643843885367,"{""d"": 63, ""n_factors"": 1}",4,"{""3.1.price_momentum"": 0.1612, ""3.1.price_momentum_long_only"": 0.0191, ""3.4.low_volatility"": -0.0669, ""3.6.multifactor"": -0.1091, ""3.9.mean_reversion_single_cluster"": -0.2064, ""3.11.single_moving_average"": 0.0874, ""3.12.two_moving_averages"": -0.028, ""3.14.support_resistance"": -0.0548, ""3.15.channel"": -0.0278, ""4.4.mean_reversion_ibs"": -0.0783, ""4.6.multi_asset_trend"": 0.0758, ""10.4.trend_following"": 0.0854}"
123,2025-06-17,2026-06-18,2026-06-22,2026-07-21,252,21,0.9564809192588053,"{""d"": 63, ""n_factors"": 1}",4,"{""3.1.price_momentum"": 0.1156, ""3.1.price_momentum_long_only"": 0.0714, ""3.4.low_volatility"": -0.0466, ""3.6.multifactor"": 0.0666, ""3.9.mean_reversion_single_cluster"": 0.0278, ""3.11.single_moving_average"": 0.0487, ""3.12.two_moving_averages"": -0.1121, ""3.14.support_resistance"": -0.0123, ""3.15.channel"": -0.1503, ""4.4.mean_reversion_ibs"": 0.2548, ""4.6.multi_asset_trend"": 0.071, ""10.4.trend_following"": -0.0228}"
124,2025-07-18,2026-07-21,2026-07-22,2026-08-20,252,21,0.4108690203566026,"{""d"": 63, ""n_factors"": 1}",4,"{""3.1.price_momentum"": 0.0899, ""3.1.price_momentum_long_only"": 0.0619, ""3.4.low_volatility"": -0.0356, ""3.6.multifactor"": 0.137, ""3.9.mean_reversion_single_cluster"": 0.0674, ""3.11.single_moving_average"": 0.0788, ""3.12.two_moving_averages"": 0.0045, ""3.14.support_resistance"": -0.1077, ""3.15.channel"": -0.0494, ""4.4.mean_reversion_ibs"": 0.2779, ""4.6.multi_asset_trend"": 0.0527, ""10.4.trend_following"": 0.0372}"
