fold,train_start,train_end,test_start,test_end,train_days,test_days,in_sample_objective,params,grid_size,fitted_pair
0,2015-03-11,2016-03-09,2016-03-10,2016-04-08,252,21,-0.6779169874338424,"{""lookback"": 5, ""min_correlation"": 0.0}",6,"[""GOOGL"", ""GOOG""]"
1,2015-04-10,2016-04-08,2016-04-11,2016-05-09,252,21,-0.47659665634519094,"{""lookback"": 5, ""min_correlation"": 0.0}",6,"[""GOOGL"", ""GOOG""]"
2,2015-05-11,2016-05-09,2016-05-10,2016-06-08,252,21,-0.48888521505021215,"{""lookback"": 5, ""min_correlation"": 0.0}",6,"[""GOOGL"", ""GOOG""]"
3,2015-06-10,2016-06-08,2016-06-09,2016-07-08,252,21,-0.49730869310748427,"{""lookback"": 5, ""min_correlation"": 0.0}",6,"[""GOOGL"", ""GOOG""]"
4,2015-07-10,2016-07-08,2016-07-11,2016-08-08,252,21,-0.37821232933306026,"{""lookback"": 5, ""min_correlation"": 0.0}",6,"[""GOOGL"", ""GOOG""]"
5,2015-08-10,2016-08-08,2016-08-09,2016-09-07,252,21,-0.38045552444935926,"{""lookback"": 63, ""min_correlation"": 0.0}",6,"[""GOOGL"", ""GOOG""]"
6,2015-09-09,2016-09-07,2016-09-08,2016-10-06,252,21,-0.49518808082792115,"{""lookback"": 63, ""min_correlation"": 0.0}",6,"[""GOOGL"", ""GOOG""]"
7,2015-10-08,2016-10-06,2016-10-07,2016-11-04,252,21,-0.32355231927134825,"{""lookback"": 63, ""min_correlation"": 0.0}",6,"[""GOOGL"", ""GOOG""]"
8,2015-11-06,2016-11-04,2016-11-07,2016-12-06,252,21,-0.10263395399174387,"{""lookback"": 63, ""min_correlation"": 0.0}",6,"[""GOOGL"", ""GOOG""]"
9,2015-12-08,2016-12-06,2016-12-07,2017-01-06,252,21,0.554672327908425,"{""lookback"": 63, ""min_correlation"": 0.0}",6,"[""GOOGL"", ""GOOG""]"
10,2016-01-08,2017-01-06,2017-01-09,2017-02-07,252,21,0.2606435586390468,"{""lookback"": 63, ""min_correlation"": 0.0}",6,"[""GOOGL"", ""GOOG""]"
11,2016-02-09,2017-02-07,2017-02-08,2017-03-09,252,21,0.23256154832970924,"{""lookback"": 63, ""min_correlation"": 0.0}",6,"[""GOOGL"", ""GOOG""]"
12,2016-03-10,2017-03-09,2017-03-10,2017-04-07,252,21,-0.3914467522186402,"{""lookback"": 63, ""min_correlation"": 0.0}",6,"[""GOOGL"", ""GOOG""]"
13,2016-04-11,2017-04-07,2017-04-10,2017-05-09,252,21,-0.6778496528606871,"{""lookback"": 63, ""min_correlation"": 0.0}",6,"[""GOOGL"", ""GOOG""]"
14,2016-05-10,2017-05-09,2017-05-10,2017-06-08,252,21,-0.3170621628645954,"{""lookback"": 63, ""min_correlation"": 0.0}",6,"[""GOOGL"", ""GOOG""]"
15,2016-06-09,2017-06-08,2017-06-09,2017-07-10,252,21,-0.6671625857614082,"{""lookback"": 63, ""min_correlation"": 0.0}",6,"[""GOOGL"", ""GOOG""]"
16,2016-07-11,2017-07-10,2017-07-11,2017-08-08,252,21,-0.8229691179727616,"{""lookback"": 63, ""min_correlation"": 0.0}",6,"[""GOOGL"", ""GOOG""]"
17,2016-08-09,2017-08-08,2017-08-09,2017-09-07,252,21,-0.7808691684354149,"{""lookback"": 63, ""min_correlation"": 0.0}",6,"[""GOOGL"", ""GOOG""]"
18,2016-09-08,2017-09-07,2017-09-08,2017-10-06,252,21,-0.6371523055847006,"{""lookback"": 63, ""min_correlation"": 0.0}",6,"[""GOOGL"", ""GOOG""]"
19,2016-10-07,2017-10-06,2017-10-09,2017-11-06,252,21,-0.8752801915479173,"{""lookback"": 63, ""min_correlation"": 0.0}",6,"[""GOOGL"", ""GOOG""]"
20,2016-11-07,2017-11-06,2017-11-07,2017-12-06,252,21,-0.7588226825281361,"{""lookback"": 63, ""min_correlation"": 0.0}",6,"[""GOOGL"", ""GOOG""]"
21,2016-12-07,2017-12-06,2017-12-07,2018-01-08,252,21,-1.1679012188760298,"{""lookback"": 63, ""min_correlation"": 0.0}",6,"[""GOOGL"", ""GOOG""]"
22,2017-01-09,2018-01-08,2018-01-09,2018-02-07,252,21,-1.7484045247126139,"{""lookback"": 63, ""min_correlation"": 0.0}",6,"[""GOOGL"", ""GOOG""]"
23,2017-02-08,2018-02-07,2018-02-08,2018-03-09,252,21,-1.8806939225472887,"{""lookback"": 63, ""min_correlation"": 0.0}",6,"[""GOOGL"", ""GOOG""]"
24,2017-03-10,2018-03-09,2018-03-12,2018-04-10,252,21,-1.632810776617373,"{""lookback"": 21, ""min_correlation"": 0.0}",6,"[""GOOGL"", ""GOOG""]"
25,2017-04-10,2018-04-10,2018-04-11,2018-05-09,252,21,-1.1778166856527985,"{""lookback"": 63, ""min_correlation"": 0.0}",6,"[""GOOGL"", ""GOOG""]"
26,2017-05-10,2018-05-09,2018-05-10,2018-06-08,252,21,-1.251874630552161,"{""lookback"": 63, ""min_correlation"": 0.0}",6,"[""GOOGL"", ""GOOG""]"
27,2017-06-09,2018-06-08,2018-06-11,2018-07-10,252,21,-1.2857623582464421,"{""lookback"": 63, ""min_correlation"": 0.0}",6,"[""GOOGL"", ""GOOG""]"
28,2017-07-11,2018-07-10,2018-07-11,2018-08-08,252,21,-1.3945113949844015,"{""lookback"": 63, ""min_correlation"": 0.0}",6,"[""GOOGL"", ""GOOG""]"
29,2017-08-09,2018-08-08,2018-08-09,2018-09-07,252,21,-1.1459100362256176,"{""lookback"": 63, ""min_correlation"": 0.0}",6,"[""GOOGL"", ""GOOG""]"
30,2017-09-08,2018-09-07,2018-09-10,2018-10-08,252,21,-1.2108119163634128,"{""lookback"": 63, ""min_correlation"": 0.0}",6,"[""GOOGL"", ""GOOG""]"
31,2017-10-09,2018-10-08,2018-10-09,2018-11-06,252,21,-1.2369716450388568,"{""lookback"": 63, ""min_correlation"": 0.0}",6,"[""GOOGL"", ""GOOG""]"
32,2017-11-07,2018-11-06,2018-11-07,2018-12-07,252,21,-1.1730277610763844,"{""lookback"": 63, ""min_correlation"": 0.0}",6,"[""GOOGL"", ""GOOG""]"
33,2017-12-07,2018-12-07,2018-12-10,2019-01-09,252,21,-0.554227342895104,"{""lookback"": 63, ""min_correlation"": 0.0}",6,"[""GOOGL"", ""GOOG""]"
34,2018-01-09,2019-01-09,2019-01-10,2019-02-08,252,21,-0.5669494032189852,"{""lookback"": 63, ""min_correlation"": 0.0}",6,"[""GOOGL"", ""GOOG""]"
35,2018-02-08,2019-02-08,2019-02-11,2019-03-12,252,21,-0.8416240424368528,"{""lookback"": 63, ""min_correlation"": 0.0}",6,"[""GOOGL"", ""GOOG""]"
36,2018-03-12,2019-03-12,2019-03-13,2019-04-10,252,21,-1.1736818716254083,"{""lookback"": 63, ""min_correlation"": 0.0}",6,"[""GOOGL"", ""GOOG""]"
37,2018-04-11,2019-04-10,2019-04-11,2019-05-10,252,21,-1.298683458852656,"{""lookback"": 63, ""min_correlation"": 0.0}",6,"[""GOOGL"", ""GOOG""]"
38,2018-05-10,2019-05-10,2019-05-13,2019-06-11,252,21,-1.1890285102017384,"{""lookback"": 63, ""min_correlation"": 0.0}",6,"[""GOOGL"", ""GOOG""]"
39,2018-06-11,2019-06-11,2019-06-12,2019-07-11,252,21,-1.1735615287005128,"{""lookback"": 63, ""min_correlation"": 0.0}",6,"[""GOOGL"", ""GOOG""]"
40,2018-07-11,2019-07-11,2019-07-12,2019-08-09,252,21,-1.146044318953522,"{""lookback"": 63, ""min_correlation"": 0.0}",6,"[""GOOGL"", ""GOOG""]"
41,2018-08-09,2019-08-09,2019-08-12,2019-09-10,252,21,-0.7517938905434784,"{""lookback"": 63, ""min_correlation"": 0.0}",6,"[""GOOGL"", ""GOOG""]"
42,2018-09-10,2019-09-10,2019-09-11,2019-10-09,252,21,-0.6713594083453976,"{""lookback"": 63, ""min_correlation"": 0.0}",6,"[""GOOGL"", ""GOOG""]"
43,2018-10-09,2019-10-09,2019-10-10,2019-11-07,252,21,-0.9688974735045922,"{""lookback"": 63, ""min_correlation"": 0.0}",6,"[""GOOGL"", ""GOOG""]"
44,2018-11-07,2019-11-07,2019-11-08,2019-12-09,252,21,-1.205879831517423,"{""lookback"": 63, ""min_correlation"": 0.0}",6,"[""GOOGL"", ""GOOG""]"
45,2018-12-10,2019-12-09,2019-12-10,2020-01-09,252,21,-1.6166829338941904,"{""lookback"": 63, ""min_correlation"": 0.0}",6,"[""GOOGL"", ""GOOG""]"
46,2019-01-10,2020-01-09,2020-01-10,2020-02-10,252,21,-1.7963786286404713,"{""lookback"": 63, ""min_correlation"": 0.0}",6,"[""GOOGL"", ""GOOG""]"
47,2019-02-11,2020-02-10,2020-02-11,2020-03-11,252,21,-2.2887424241593735,"{""lookback"": 63, ""min_correlation"": 0.0}",6,"[""GOOGL"", ""GOOG""]"
48,2019-03-13,2020-03-11,2020-03-12,2020-04-09,252,21,-1.800949442374788,"{""lookback"": 63, ""min_correlation"": 0.0}",6,"[""GOOGL"", ""GOOG""]"
49,2019-04-11,2020-04-09,2020-04-13,2020-05-11,252,21,-1.5282614199719766,"{""lookback"": 63, ""min_correlation"": 0.0}",6,"[""GOOGL"", ""GOOG""]"
50,2019-05-13,2020-05-11,2020-05-12,2020-06-10,252,21,-1.5449561779599335,"{""lookback"": 63, ""min_correlation"": 0.0}",6,"[""GOOGL"", ""GOOG""]"
51,2019-06-12,2020-06-10,2020-06-11,2020-07-10,252,21,-1.366266678555898,"{""lookback"": 63, ""min_correlation"": 0.0}",6,"[""GOOGL"", ""GOOG""]"
52,2019-07-12,2020-07-10,2020-07-13,2020-08-10,252,21,-1.0199227060098872,"{""lookback"": 63, ""min_correlation"": 0.0}",6,"[""GOOGL"", ""GOOG""]"
53,2019-08-12,2020-08-10,2020-08-11,2020-09-09,252,21,-1.580129329055361,"{""lookback"": 63, ""min_correlation"": 0.0}",6,"[""GOOGL"", ""GOOG""]"
54,2019-09-11,2020-09-09,2020-09-10,2020-10-08,252,21,-1.6991055658890761,"{""lookback"": 63, ""min_correlation"": 0.0}",6,"[""GOOGL"", ""GOOG""]"
55,2019-10-10,2020-10-08,2020-10-09,2020-11-06,252,21,-1.2098224506788238,"{""lookback"": 63, ""min_correlation"": 0.0}",6,"[""GOOGL"", ""GOOG""]"
56,2019-11-08,2020-11-06,2020-11-09,2020-12-08,252,21,-0.9760839189005316,"{""lookback"": 63, ""min_correlation"": 0.0}",6,"[""GOOGL"", ""GOOG""]"
57,2019-12-10,2020-12-08,2020-12-09,2021-01-08,252,21,-1.1421096039085445,"{""lookback"": 63, ""min_correlation"": 0.0}",6,"[""GOOGL"", ""GOOG""]"
58,2020-01-10,2021-01-08,2021-01-11,2021-02-09,252,21,-1.0323775222859704,"{""lookback"": 63, ""min_correlation"": 0.0}",6,"[""GOOGL"", ""GOOG""]"
59,2020-02-11,2021-02-09,2021-02-10,2021-03-11,252,21,-0.6381376026346732,"{""lookback"": 63, ""min_correlation"": 0.0}",6,"[""GOOGL"", ""GOOG""]"
60,2020-03-12,2021-03-11,2021-03-12,2021-04-12,252,21,-0.7370909987101267,"{""lookback"": 63, ""min_correlation"": 0.0}",6,"[""GOOGL"", ""GOOG""]"
61,2020-04-13,2021-04-12,2021-04-13,2021-05-11,252,21,-0.6731043591713105,"{""lookback"": 63, ""min_correlation"": 0.0}",6,"[""GOOGL"", ""GOOG""]"
62,2020-05-12,2021-05-11,2021-05-12,2021-06-10,252,21,-0.9196994206451641,"{""lookback"": 63, ""min_correlation"": 0.0}",6,"[""GOOGL"", ""GOOG""]"
63,2020-06-11,2021-06-10,2021-06-11,2021-07-12,252,21,-1.3005888754626178,"{""lookback"": 63, ""min_correlation"": 0.0}",6,"[""GOOGL"", ""GOOG""]"
64,2020-07-13,2021-07-12,2021-07-13,2021-08-10,252,21,-1.2493840288957487,"{""lookback"": 63, ""min_correlation"": 0.0}",6,"[""GOOGL"", ""GOOG""]"
65,2020-08-11,2021-08-10,2021-08-11,2021-09-09,252,21,-0.18046735110610368,"{""lookback"": 63, ""min_correlation"": 0.0}",6,"[""GOOGL"", ""GOOG""]"
66,2020-09-10,2021-09-09,2021-09-10,2021-10-08,252,21,-0.134012810278816,"{""lookback"": 63, ""min_correlation"": 0.0}",6,"[""GOOGL"", ""GOOG""]"
67,2020-10-09,2021-10-08,2021-10-11,2021-11-08,252,21,-0.3282598724144841,"{""lookback"": 63, ""min_correlation"": 0.0}",6,"[""GOOGL"", ""GOOG""]"
68,2020-11-09,2021-11-08,2021-11-09,2021-12-08,252,21,-0.33527123811024695,"{""lookback"": 63, ""min_correlation"": 0.0}",6,"[""GOOGL"", ""GOOG""]"
69,2020-12-09,2021-12-08,2021-12-09,2022-01-07,252,21,-0.35270731277406214,"{""lookback"": 63, ""min_correlation"": 0.0}",6,"[""GOOGL"", ""GOOG""]"
70,2021-01-11,2022-01-07,2022-01-10,2022-02-08,252,21,-0.34736664665236416,"{""lookback"": 63, ""min_correlation"": 0.0}",6,"[""GOOGL"", ""GOOG""]"
71,2021-02-10,2022-02-08,2022-02-09,2022-03-10,252,21,-0.45710837566734003,"{""lookback"": 63, ""min_correlation"": 0.0}",6,"[""GOOGL"", ""GOOG""]"
72,2021-03-12,2022-03-10,2022-03-11,2022-04-08,252,21,-0.3814941134798855,"{""lookback"": 63, ""min_correlation"": 0.0}",6,"[""GOOGL"", ""GOOG""]"
73,2021-04-13,2022-04-08,2022-04-11,2022-05-10,252,21,-0.37053496763061944,"{""lookback"": 63, ""min_correlation"": 0.0}",6,"[""GOOGL"", ""GOOG""]"
74,2021-05-12,2022-05-10,2022-05-11,2022-06-09,252,21,-0.25788459661034396,"{""lookback"": 21, ""min_correlation"": 0.0}",6,"[""GOOGL"", ""GOOG""]"
75,2021-06-11,2022-06-09,2022-06-10,2022-07-12,252,21,0.09663375389196553,"{""lookback"": 63, ""min_correlation"": 0.0}",6,"[""GOOGL"", ""GOOG""]"
76,2021-07-13,2022-07-12,2022-07-13,2022-08-10,252,21,0.006478649375448312,"{""lookback"": 21, ""min_correlation"": 0.0}",6,"[""GOOGL"", ""GOOG""]"
77,2021-08-11,2022-08-10,2022-08-11,2022-09-09,252,21,-1.4834839485510203,"{""lookback"": 63, ""min_correlation"": 0.0}",6,"[""GOOGL"", ""GOOG""]"
78,2021-09-10,2022-09-09,2022-09-12,2022-10-10,252,21,-1.4136221679625638,"{""lookback"": 21, ""min_correlation"": 0.0}",6,"[""GOOGL"", ""GOOG""]"
79,2021-10-11,2022-10-10,2022-10-11,2022-11-08,252,21,-1.1065846759063154,"{""lookback"": 21, ""min_correlation"": 0.0}",6,"[""GOOGL"", ""GOOG""]"
80,2021-11-09,2022-11-08,2022-11-09,2022-12-08,252,21,-1.4895882924616974,"{""lookback"": 21, ""min_correlation"": 0.0}",6,"[""GOOGL"", ""GOOG""]"
81,2021-12-09,2022-12-08,2022-12-09,2023-01-10,252,21,-1.2584914838036974,"{""lookback"": 21, ""min_correlation"": 0.0}",6,"[""GOOGL"", ""GOOG""]"
82,2022-01-10,2023-01-10,2023-01-11,2023-02-09,252,21,-1.4291747293251091,"{""lookback"": 21, ""min_correlation"": 0.0}",6,"[""GOOGL"", ""GOOG""]"
83,2022-02-09,2023-02-09,2023-02-10,2023-03-13,252,21,-1.2166814767036696,"{""lookback"": 21, ""min_correlation"": 0.0}",6,"[""GOOGL"", ""GOOG""]"
84,2022-03-11,2023-03-13,2023-03-14,2023-04-12,252,21,-0.9592149794991653,"{""lookback"": 21, ""min_correlation"": 0.0}",6,"[""GOOGL"", ""GOOG""]"
85,2022-04-11,2023-04-12,2023-04-13,2023-05-11,252,21,-1.2533951217802786,"{""lookback"": 21, ""min_correlation"": 0.0}",6,"[""GOOGL"", ""GOOG""]"
86,2022-05-11,2023-05-11,2023-05-12,2023-06-12,252,21,-1.2531668793288333,"{""lookback"": 21, ""min_correlation"": 0.0}",6,"[""GOOGL"", ""GOOG""]"
87,2022-06-10,2023-06-12,2023-06-13,2023-07-13,252,21,-1.5561654818767947,"{""lookback"": 21, ""min_correlation"": 0.0}",6,"[""GOOGL"", ""GOOG""]"
88,2022-07-13,2023-07-13,2023-07-14,2023-08-11,252,21,-1.360391056814529,"{""lookback"": 21, ""min_correlation"": 0.0}",6,"[""GOOGL"", ""GOOG""]"
89,2022-08-11,2023-08-11,2023-08-14,2023-09-12,252,21,-1.1866590379331319,"{""lookback"": 21, ""min_correlation"": 0.0}",6,"[""GOOGL"", ""GOOG""]"
90,2022-09-12,2023-09-12,2023-09-13,2023-10-11,252,21,-1.2745722433419004,"{""lookback"": 21, ""min_correlation"": 0.0}",6,"[""GOOGL"", ""GOOG""]"
91,2022-10-11,2023-10-11,2023-10-12,2023-11-09,252,21,-1.4545851633135445,"{""lookback"": 21, ""min_correlation"": 0.0}",6,"[""GOOGL"", ""GOOG""]"
92,2022-11-09,2023-11-09,2023-11-10,2023-12-11,252,21,-1.201280281530827,"{""lookback"": 21, ""min_correlation"": 0.0}",6,"[""GOOGL"", ""GOOG""]"
93,2022-12-09,2023-12-11,2023-12-12,2024-01-11,252,21,-1.1347051699462114,"{""lookback"": 21, ""min_correlation"": 0.0}",6,"[""GOOGL"", ""GOOG""]"
94,2023-01-11,2024-01-11,2024-01-12,2024-02-12,252,21,-0.9549426003152289,"{""lookback"": 21, ""min_correlation"": 0.0}",6,"[""GOOGL"", ""GOOG""]"
95,2023-02-10,2024-02-12,2024-02-13,2024-03-13,252,21,-1.0766248937454534,"{""lookback"": 21, ""min_correlation"": 0.0}",6,"[""GOOGL"", ""GOOG""]"
96,2023-03-14,2024-03-13,2024-03-14,2024-04-12,252,21,-1.2630590822353747,"{""lookback"": 21, ""min_correlation"": 0.0}",6,"[""GOOGL"", ""GOOG""]"
97,2023-04-13,2024-04-12,2024-04-15,2024-05-13,252,21,-1.1270777525314921,"{""lookback"": 21, ""min_correlation"": 0.0}",6,"[""GOOGL"", ""GOOG""]"
98,2023-05-12,2024-05-13,2024-05-14,2024-06-12,252,21,-1.4360056952062172,"{""lookback"": 21, ""min_correlation"": 0.0}",6,"[""GOOGL"", ""GOOG""]"
99,2023-06-13,2024-06-12,2024-06-13,2024-07-15,252,21,-1.107218376352706,"{""lookback"": 21, ""min_correlation"": 0.0}",6,"[""GOOGL"", ""GOOG""]"
100,2023-07-14,2024-07-15,2024-07-16,2024-08-13,252,21,-1.4337646717787078,"{""lookback"": 21, ""min_correlation"": 0.0}",6,"[""GOOGL"", ""GOOG""]"
101,2023-08-14,2024-08-13,2024-08-14,2024-09-12,252,21,-1.3943790538378313,"{""lookback"": 63, ""min_correlation"": 0.0}",6,"[""GOOGL"", ""GOOG""]"
102,2023-09-13,2024-09-12,2024-09-13,2024-10-11,252,21,-1.2675748661760071,"{""lookback"": 63, ""min_correlation"": 0.0}",6,"[""GOOGL"", ""GOOG""]"
103,2023-10-12,2024-10-11,2024-10-14,2024-11-11,252,21,-1.1065701977629823,"{""lookback"": 63, ""min_correlation"": 0.0}",6,"[""GOOGL"", ""GOOG""]"
104,2023-11-10,2024-11-11,2024-11-12,2024-12-11,252,21,-1.236838779492074,"{""lookback"": 63, ""min_correlation"": 0.0}",6,"[""GOOGL"", ""GOOG""]"
105,2023-12-12,2024-12-11,2024-12-12,2025-01-14,252,21,-1.384690741795716,"{""lookback"": 63, ""min_correlation"": 0.0}",6,"[""GOOGL"", ""GOOG""]"
106,2024-01-12,2025-01-14,2025-01-15,2025-02-13,252,21,-1.510761340562173,"{""lookback"": 63, ""min_correlation"": 0.0}",6,"[""GOOGL"", ""GOOG""]"
107,2024-02-13,2025-02-13,2025-02-14,2025-03-17,252,21,-1.4867662458469169,"{""lookback"": 63, ""min_correlation"": 0.0}",6,"[""GOOGL"", ""GOOG""]"
108,2024-03-14,2025-03-17,2025-03-18,2025-04-15,252,21,-1.7584761457297013,"{""lookback"": 63, ""min_correlation"": 0.0}",6,"[""GOOGL"", ""GOOG""]"
109,2024-04-15,2025-04-15,2025-04-16,2025-05-15,252,21,-1.946470678534589,"{""lookback"": 63, ""min_correlation"": 0.0}",6,"[""GOOGL"", ""GOOG""]"
110,2024-05-14,2025-05-15,2025-05-16,2025-06-16,252,21,-1.56072837002441,"{""lookback"": 63, ""min_correlation"": 0.0}",6,"[""GOOGL"", ""GOOG""]"
111,2024-06-13,2025-06-16,2025-06-17,2025-07-17,252,21,-1.3530403601452308,"{""lookback"": 63, ""min_correlation"": 0.0}",6,"[""GOOGL"", ""GOOG""]"
112,2024-07-16,2025-07-17,2025-07-18,2025-08-15,252,21,-1.28058944392676,"{""lookback"": 63, ""min_correlation"": 0.0}",6,"[""GOOGL"", ""GOOG""]"
113,2024-08-14,2025-08-15,2025-08-18,2025-09-16,252,21,-1.5847691188587965,"{""lookback"": 63, ""min_correlation"": 0.0}",6,"[""GOOGL"", ""GOOG""]"
114,2024-09-13,2025-09-16,2025-09-17,2025-10-15,252,21,-1.6953020165122437,"{""lookback"": 63, ""min_correlation"": 0.0}",6,"[""GOOGL"", ""GOOG""]"
115,2024-10-14,2025-10-15,2025-10-16,2025-11-14,252,21,-1.350391414728503,"{""lookback"": 63, ""min_correlation"": 0.0}",6,"[""GOOGL"", ""GOOG""]"
116,2024-11-12,2025-11-14,2025-11-17,2025-12-16,252,21,-1.1549913005650634,"{""lookback"": 63, ""min_correlation"": 0.0}",6,"[""GOOGL"", ""GOOG""]"
117,2024-12-12,2025-12-16,2025-12-17,2026-01-16,252,21,-1.2006105652138797,"{""lookback"": 63, ""min_correlation"": 0.0}",6,"[""GOOGL"", ""GOOG""]"
118,2025-01-15,2026-01-16,2026-01-20,2026-02-18,252,21,-1.0453098248801143,"{""lookback"": 63, ""min_correlation"": 0.0}",6,"[""GOOGL"", ""GOOG""]"
119,2025-02-14,2026-02-18,2026-02-19,2026-03-19,252,21,-0.6610688735345268,"{""lookback"": 63, ""min_correlation"": 0.0}",6,"[""GOOGL"", ""GOOG""]"
120,2025-03-18,2026-03-19,2026-03-20,2026-04-20,252,21,-1.2126744465706363,"{""lookback"": 63, ""min_correlation"": 0.0}",6,"[""GOOGL"", ""GOOG""]"
121,2025-04-16,2026-04-20,2026-04-21,2026-05-19,252,21,-1.058551526724534,"{""lookback"": 63, ""min_correlation"": 0.0}",6,"[""GOOGL"", ""GOOG""]"
122,2025-05-16,2026-05-19,2026-05-20,2026-06-18,252,21,-1.283093828637759,"{""lookback"": 63, ""min_correlation"": 0.0}",6,"[""GOOGL"", ""GOOG""]"
123,2025-06-17,2026-06-18,2026-06-22,2026-07-21,252,21,-0.8740218906494917,"{""lookback"": 63, ""min_correlation"": 0.0}",6,"[""GOOGL"", ""GOOG""]"
124,2025-07-18,2026-07-21,2026-07-22,2026-08-20,252,21,-1.0147504579536932,"{""lookback"": 21, ""min_correlation"": 0.0}",6,"[""GOOGL"", ""GOOG""]"
