fold,train_start,train_end,test_start,test_end,train_days,test_days,in_sample_objective,params,grid_size
0,2015-03-11,2016-03-09,2016-03-10,2016-04-08,252,21,0.3025498582293454,"{""formation"": 126, ""weighting"": ""inverse_var"", ""ma_filter"": false, ""ma_length"": 200}",24
1,2015-04-10,2016-04-08,2016-04-11,2016-05-09,252,21,0.2947815856646114,"{""formation"": 126, ""weighting"": ""inverse_var"", ""ma_filter"": false, ""ma_length"": 200}",24
2,2015-05-11,2016-05-09,2016-05-10,2016-06-08,252,21,0.4286949646780659,"{""formation"": 126, ""weighting"": ""inverse_var"", ""ma_filter"": true, ""ma_length"": 100}",24
3,2015-06-10,2016-06-08,2016-06-09,2016-07-08,252,21,0.5140630306843837,"{""formation"": 126, ""weighting"": ""inverse_var"", ""ma_filter"": true, ""ma_length"": 100}",24
4,2015-07-10,2016-07-08,2016-07-11,2016-08-08,252,21,0.7617452848488009,"{""formation"": 126, ""weighting"": ""inverse_var"", ""ma_filter"": true, ""ma_length"": 100}",24
5,2015-08-10,2016-08-08,2016-08-09,2016-09-07,252,21,0.6459287939391368,"{""formation"": 126, ""weighting"": ""inverse_var"", ""ma_filter"": false, ""ma_length"": 200}",24
6,2015-09-09,2016-09-07,2016-09-08,2016-10-06,252,21,1.4262981915906427,"{""formation"": 126, ""weighting"": ""inverse_var"", ""ma_filter"": false, ""ma_length"": 200}",24
7,2015-10-08,2016-10-06,2016-10-07,2016-11-04,252,21,1.1137628816596097,"{""formation"": 126, ""weighting"": ""inverse_var"", ""ma_filter"": false, ""ma_length"": 200}",24
8,2015-11-06,2016-11-04,2016-11-07,2016-12-06,252,21,0.5435069703276132,"{""formation"": 126, ""weighting"": ""inverse_var"", ""ma_filter"": false, ""ma_length"": 200}",24
9,2015-12-08,2016-12-06,2016-12-07,2017-01-06,252,21,1.2746965877566225,"{""formation"": 126, ""weighting"": ""raw"", ""ma_filter"": false, ""ma_length"": 200}",24
10,2016-01-08,2017-01-06,2017-01-09,2017-02-07,252,21,1.977768578933673,"{""formation"": 126, ""weighting"": ""raw"", ""ma_filter"": false, ""ma_length"": 200}",24
11,2016-02-09,2017-02-07,2017-02-08,2017-03-09,252,21,2.589265503158743,"{""formation"": 252, ""weighting"": ""raw"", ""ma_filter"": false, ""ma_length"": 200}",24
12,2016-03-10,2017-03-09,2017-03-10,2017-04-07,252,21,2.201324726216056,"{""formation"": 252, ""weighting"": ""raw"", ""ma_filter"": false, ""ma_length"": 200}",24
13,2016-04-11,2017-04-07,2017-04-10,2017-05-09,252,21,1.8792185623142101,"{""formation"": 252, ""weighting"": ""raw"", ""ma_filter"": false, ""ma_length"": 200}",24
14,2016-05-10,2017-05-09,2017-05-10,2017-06-08,252,21,1.8549575477540583,"{""formation"": 126, ""weighting"": ""raw"", ""ma_filter"": false, ""ma_length"": 200}",24
15,2016-06-09,2017-06-08,2017-06-09,2017-07-10,252,21,1.9830841915698687,"{""formation"": 252, ""weighting"": ""raw"", ""ma_filter"": false, ""ma_length"": 200}",24
16,2016-07-11,2017-07-10,2017-07-11,2017-08-08,252,21,1.6766728794958459,"{""formation"": 126, ""weighting"": ""raw"", ""ma_filter"": false, ""ma_length"": 200}",24
17,2016-08-09,2017-08-08,2017-08-09,2017-09-07,252,21,1.7077143147790108,"{""formation"": 252, ""weighting"": ""raw"", ""ma_filter"": false, ""ma_length"": 200}",24
18,2016-09-08,2017-09-07,2017-09-08,2017-10-06,252,21,1.652294531393407,"{""formation"": 126, ""weighting"": ""inverse_vol"", ""ma_filter"": true, ""ma_length"": 200}",24
19,2016-10-07,2017-10-06,2017-10-09,2017-11-06,252,21,2.381863831785575,"{""formation"": 252, ""weighting"": ""inverse_var"", ""ma_filter"": false, ""ma_length"": 200}",24
20,2016-11-07,2017-11-06,2017-11-07,2017-12-06,252,21,3.149170958557861,"{""formation"": 126, ""weighting"": ""inverse_var"", ""ma_filter"": true, ""ma_length"": 100}",24
21,2016-12-07,2017-12-06,2017-12-07,2018-01-08,252,21,2.5969860456131504,"{""formation"": 252, ""weighting"": ""inverse_var"", ""ma_filter"": false, ""ma_length"": 200}",24
22,2017-01-09,2018-01-08,2018-01-09,2018-02-07,252,21,3.1017404811089557,"{""formation"": 126, ""weighting"": ""inverse_var"", ""ma_filter"": true, ""ma_length"": 200}",24
23,2017-02-08,2018-02-07,2018-02-08,2018-03-09,252,21,2.136449237431014,"{""formation"": 126, ""weighting"": ""inverse_var"", ""ma_filter"": true, ""ma_length"": 200}",24
24,2017-03-10,2018-03-09,2018-03-12,2018-04-10,252,21,2.081717399939646,"{""formation"": 126, ""weighting"": ""raw"", ""ma_filter"": true, ""ma_length"": 200}",24
25,2017-04-10,2018-04-10,2018-04-11,2018-05-09,252,21,1.5764255599709658,"{""formation"": 126, ""weighting"": ""raw"", ""ma_filter"": true, ""ma_length"": 200}",24
26,2017-05-10,2018-05-09,2018-05-10,2018-06-08,252,21,1.6251908316553967,"{""formation"": 126, ""weighting"": ""raw"", ""ma_filter"": true, ""ma_length"": 200}",24
27,2017-06-09,2018-06-08,2018-06-11,2018-07-10,252,21,1.825380522401096,"{""formation"": 126, ""weighting"": ""raw"", ""ma_filter"": true, ""ma_length"": 200}",24
28,2017-07-11,2018-07-10,2018-07-11,2018-08-08,252,21,1.8494872797361253,"{""formation"": 126, ""weighting"": ""raw"", ""ma_filter"": true, ""ma_length"": 200}",24
29,2017-08-09,2018-08-08,2018-08-09,2018-09-07,252,21,1.7865692546611651,"{""formation"": 126, ""weighting"": ""raw"", ""ma_filter"": true, ""ma_length"": 200}",24
30,2017-09-08,2018-09-07,2018-09-10,2018-10-08,252,21,2.0016492716736396,"{""formation"": 126, ""weighting"": ""raw"", ""ma_filter"": true, ""ma_length"": 200}",24
31,2017-10-09,2018-10-08,2018-10-09,2018-11-06,252,21,1.5707602115821462,"{""formation"": 126, ""weighting"": ""raw"", ""ma_filter"": true, ""ma_length"": 200}",24
32,2017-11-07,2018-11-06,2018-11-07,2018-12-07,252,21,0.8406506451899558,"{""formation"": 126, ""weighting"": ""raw"", ""ma_filter"": true, ""ma_length"": 200}",24
33,2017-12-07,2018-12-07,2018-12-10,2019-01-09,252,21,0.4819792887796561,"{""formation"": 126, ""weighting"": ""inverse_vol"", ""ma_filter"": false, ""ma_length"": 200}",24
34,2018-01-09,2019-01-09,2019-01-10,2019-02-08,252,21,-0.05743854306848593,"{""formation"": 252, ""weighting"": ""raw"", ""ma_filter"": false, ""ma_length"": 200}",24
35,2018-02-08,2019-02-08,2019-02-11,2019-03-12,252,21,0.7104830198206091,"{""formation"": 126, ""weighting"": ""inverse_var"", ""ma_filter"": false, ""ma_length"": 200}",24
36,2018-03-12,2019-03-12,2019-03-13,2019-04-10,252,21,0.36190413790270193,"{""formation"": 126, ""weighting"": ""inverse_var"", ""ma_filter"": false, ""ma_length"": 200}",24
37,2018-04-11,2019-04-10,2019-04-11,2019-05-10,252,21,0.9098054894374192,"{""formation"": 126, ""weighting"": ""inverse_var"", ""ma_filter"": false, ""ma_length"": 200}",24
38,2018-05-10,2019-05-10,2019-05-13,2019-06-11,252,21,0.6324648840546218,"{""formation"": 126, ""weighting"": ""inverse_var"", ""ma_filter"": false, ""ma_length"": 200}",24
39,2018-06-11,2019-06-11,2019-06-12,2019-07-11,252,21,0.5017620360823742,"{""formation"": 126, ""weighting"": ""inverse_var"", ""ma_filter"": false, ""ma_length"": 200}",24
40,2018-07-11,2019-07-11,2019-07-12,2019-08-09,252,21,0.800644893972003,"{""formation"": 126, ""weighting"": ""inverse_var"", ""ma_filter"": false, ""ma_length"": 200}",24
41,2018-08-09,2019-08-09,2019-08-12,2019-09-10,252,21,0.6047777787178368,"{""formation"": 126, ""weighting"": ""inverse_var"", ""ma_filter"": false, ""ma_length"": 200}",24
42,2018-09-10,2019-09-10,2019-09-11,2019-10-09,252,21,0.3662536311316641,"{""formation"": 126, ""weighting"": ""inverse_var"", ""ma_filter"": false, ""ma_length"": 200}",24
43,2018-10-09,2019-10-09,2019-10-10,2019-11-07,252,21,0.5289369774285765,"{""formation"": 252, ""weighting"": ""inverse_var"", ""ma_filter"": false, ""ma_length"": 200}",24
44,2018-11-07,2019-11-07,2019-11-08,2019-12-09,252,21,0.7598405540024701,"{""formation"": 252, ""weighting"": ""inverse_var"", ""ma_filter"": false, ""ma_length"": 200}",24
45,2018-12-10,2019-12-09,2019-12-10,2020-01-09,252,21,1.4323593032722244,"{""formation"": 252, ""weighting"": ""raw"", ""ma_filter"": false, ""ma_length"": 200}",24
46,2019-01-10,2020-01-09,2020-01-10,2020-02-10,252,21,2.352211357167382,"{""formation"": 252, ""weighting"": ""inverse_var"", ""ma_filter"": false, ""ma_length"": 200}",24
47,2019-02-11,2020-02-10,2020-02-11,2020-03-11,252,21,2.1656778516373305,"{""formation"": 252, ""weighting"": ""inverse_var"", ""ma_filter"": false, ""ma_length"": 200}",24
48,2019-03-13,2020-03-11,2020-03-12,2020-04-09,252,21,0.15821899262067596,"{""formation"": 252, ""weighting"": ""inverse_var"", ""ma_filter"": false, ""ma_length"": 200}",24
49,2019-04-11,2020-04-09,2020-04-13,2020-05-11,252,21,-0.1408691366454308,"{""formation"": 252, ""weighting"": ""raw"", ""ma_filter"": false, ""ma_length"": 200}",24
50,2019-05-13,2020-05-11,2020-05-12,2020-06-10,252,21,0.22354353473806896,"{""formation"": 252, ""weighting"": ""raw"", ""ma_filter"": false, ""ma_length"": 200}",24
51,2019-06-12,2020-06-10,2020-06-11,2020-07-10,252,21,0.2387548499239619,"{""formation"": 252, ""weighting"": ""raw"", ""ma_filter"": false, ""ma_length"": 200}",24
52,2019-07-12,2020-07-10,2020-07-13,2020-08-10,252,21,0.2967269837324318,"{""formation"": 252, ""weighting"": ""raw"", ""ma_filter"": false, ""ma_length"": 200}",24
53,2019-08-12,2020-08-10,2020-08-11,2020-09-09,252,21,0.4927916490324317,"{""formation"": 252, ""weighting"": ""raw"", ""ma_filter"": false, ""ma_length"": 200}",24
54,2019-09-11,2020-09-09,2020-09-10,2020-10-08,252,21,0.500800457700519,"{""formation"": 252, ""weighting"": ""raw"", ""ma_filter"": false, ""ma_length"": 200}",24
55,2019-10-10,2020-10-08,2020-10-09,2020-11-06,252,21,0.6701986898543898,"{""formation"": 252, ""weighting"": ""raw"", ""ma_filter"": false, ""ma_length"": 200}",24
56,2019-11-08,2020-11-06,2020-11-09,2020-12-08,252,21,0.6990096810287085,"{""formation"": 252, ""weighting"": ""raw"", ""ma_filter"": false, ""ma_length"": 200}",24
57,2019-12-10,2020-12-08,2020-12-09,2021-01-08,252,21,0.7858711564516285,"{""formation"": 252, ""weighting"": ""raw"", ""ma_filter"": false, ""ma_length"": 200}",24
58,2020-01-10,2021-01-08,2021-01-11,2021-02-09,252,21,0.8742923584897577,"{""formation"": 252, ""weighting"": ""raw"", ""ma_filter"": false, ""ma_length"": 200}",24
59,2020-02-11,2021-02-09,2021-02-10,2021-03-11,252,21,0.781930638284326,"{""formation"": 252, ""weighting"": ""raw"", ""ma_filter"": false, ""ma_length"": 200}",24
60,2020-03-12,2021-03-11,2021-03-12,2021-04-12,252,21,2.078028698478031,"{""formation"": 126, ""weighting"": ""raw"", ""ma_filter"": false, ""ma_length"": 200}",24
61,2020-04-13,2021-04-12,2021-04-13,2021-05-11,252,21,2.631172291284862,"{""formation"": 126, ""weighting"": ""raw"", ""ma_filter"": true, ""ma_length"": 200}",24
62,2020-05-12,2021-05-11,2021-05-12,2021-06-10,252,21,2.5115221389680036,"{""formation"": 126, ""weighting"": ""raw"", ""ma_filter"": false, ""ma_length"": 200}",24
63,2020-06-11,2021-06-10,2021-06-11,2021-07-12,252,21,2.6570624116816073,"{""formation"": 126, ""weighting"": ""raw"", ""ma_filter"": true, ""ma_length"": 200}",24
64,2020-07-13,2021-07-12,2021-07-13,2021-08-10,252,21,2.255871225502897,"{""formation"": 126, ""weighting"": ""raw"", ""ma_filter"": true, ""ma_length"": 200}",24
65,2020-08-11,2021-08-10,2021-08-11,2021-09-09,252,21,2.093857652234723,"{""formation"": 126, ""weighting"": ""raw"", ""ma_filter"": true, ""ma_length"": 200}",24
66,2020-09-10,2021-09-09,2021-09-10,2021-10-08,252,21,2.279252299924369,"{""formation"": 126, ""weighting"": ""inverse_vol"", ""ma_filter"": false, ""ma_length"": 200}",24
67,2020-10-09,2021-10-08,2021-10-11,2021-11-08,252,21,1.7701797942180948,"{""formation"": 126, ""weighting"": ""raw"", ""ma_filter"": false, ""ma_length"": 200}",24
68,2020-11-09,2021-11-08,2021-11-09,2021-12-08,252,21,2.1914625492195805,"{""formation"": 126, ""weighting"": ""raw"", ""ma_filter"": false, ""ma_length"": 200}",24
69,2020-12-09,2021-12-08,2021-12-09,2022-01-07,252,21,1.7998842898077425,"{""formation"": 126, ""weighting"": ""inverse_var"", ""ma_filter"": false, ""ma_length"": 200}",24
70,2021-01-11,2022-01-07,2022-01-10,2022-02-08,252,21,1.4203465472956842,"{""formation"": 126, ""weighting"": ""inverse_var"", ""ma_filter"": false, ""ma_length"": 200}",24
71,2021-02-10,2022-02-08,2022-02-09,2022-03-10,252,21,1.1702983890480774,"{""formation"": 126, ""weighting"": ""inverse_var"", ""ma_filter"": false, ""ma_length"": 200}",24
72,2021-03-12,2022-03-10,2022-03-11,2022-04-08,252,21,0.8394905195131568,"{""formation"": 252, ""weighting"": ""inverse_var"", ""ma_filter"": false, ""ma_length"": 200}",24
73,2021-04-13,2022-04-08,2022-04-11,2022-05-10,252,21,1.0734808339491515,"{""formation"": 252, ""weighting"": ""inverse_var"", ""ma_filter"": false, ""ma_length"": 200}",24
74,2021-05-12,2022-05-10,2022-05-11,2022-06-09,252,21,0.3815890965575037,"{""formation"": 126, ""weighting"": ""inverse_var"", ""ma_filter"": true, ""ma_length"": 200}",24
75,2021-06-11,2022-06-09,2022-06-10,2022-07-12,252,21,0.4313521378613232,"{""formation"": 252, ""weighting"": ""raw"", ""ma_filter"": true, ""ma_length"": 100}",24
76,2021-07-13,2022-07-12,2022-07-13,2022-08-10,252,21,-0.31176522304787024,"{""formation"": 252, ""weighting"": ""inverse_var"", ""ma_filter"": false, ""ma_length"": 200}",24
77,2021-08-11,2022-08-10,2022-08-11,2022-09-09,252,21,-0.10104501254312548,"{""formation"": 252, ""weighting"": ""raw"", ""ma_filter"": false, ""ma_length"": 200}",24
78,2021-09-10,2022-09-09,2022-09-12,2022-10-10,252,21,0.07226650819973517,"{""formation"": 252, ""weighting"": ""raw"", ""ma_filter"": false, ""ma_length"": 200}",24
79,2021-10-11,2022-10-10,2022-10-11,2022-11-08,252,21,-0.2088217901109732,"{""formation"": 252, ""weighting"": ""raw"", ""ma_filter"": false, ""ma_length"": 200}",24
80,2021-11-09,2022-11-08,2022-11-09,2022-12-08,252,21,-0.06373341667284897,"{""formation"": 252, ""weighting"": ""raw"", ""ma_filter"": false, ""ma_length"": 200}",24
81,2021-12-09,2022-12-08,2022-12-09,2023-01-10,252,21,0.05186959490604272,"{""formation"": 126, ""weighting"": ""raw"", ""ma_filter"": false, ""ma_length"": 200}",24
82,2022-01-10,2023-01-10,2023-01-11,2023-02-09,252,21,0.06651641136522353,"{""formation"": 126, ""weighting"": ""raw"", ""ma_filter"": false, ""ma_length"": 200}",24
83,2022-02-09,2023-02-09,2023-02-10,2023-03-13,252,21,0.17636752100785444,"{""formation"": 126, ""weighting"": ""raw"", ""ma_filter"": false, ""ma_length"": 200}",24
84,2022-03-11,2023-03-13,2023-03-14,2023-04-12,252,21,-0.06136052920813934,"{""formation"": 126, ""weighting"": ""raw"", ""ma_filter"": false, ""ma_length"": 200}",24
85,2022-04-11,2023-04-12,2023-04-13,2023-05-11,252,21,-0.08454605600617165,"{""formation"": 126, ""weighting"": ""raw"", ""ma_filter"": false, ""ma_length"": 200}",24
86,2022-05-11,2023-05-11,2023-05-12,2023-06-12,252,21,0.3196808034669463,"{""formation"": 252, ""weighting"": ""raw"", ""ma_filter"": false, ""ma_length"": 200}",24
87,2022-06-10,2023-06-12,2023-06-13,2023-07-13,252,21,0.4832471246255454,"{""formation"": 252, ""weighting"": ""raw"", ""ma_filter"": false, ""ma_length"": 200}",24
88,2022-07-13,2023-07-13,2023-07-14,2023-08-11,252,21,1.6563502719854075,"{""formation"": 126, ""weighting"": ""raw"", ""ma_filter"": false, ""ma_length"": 200}",24
89,2022-08-11,2023-08-11,2023-08-14,2023-09-12,252,21,1.0332553776169418,"{""formation"": 126, ""weighting"": ""raw"", ""ma_filter"": false, ""ma_length"": 200}",24
90,2022-09-12,2023-09-12,2023-09-13,2023-10-11,252,21,0.9064974427575243,"{""formation"": 126, ""weighting"": ""raw"", ""ma_filter"": false, ""ma_length"": 200}",24
91,2022-10-11,2023-10-11,2023-10-12,2023-11-09,252,21,1.2729369920129199,"{""formation"": 126, ""weighting"": ""raw"", ""ma_filter"": false, ""ma_length"": 200}",24
92,2022-11-09,2023-11-09,2023-11-10,2023-12-11,252,21,0.544965375759267,"{""formation"": 252, ""weighting"": ""raw"", ""ma_filter"": false, ""ma_length"": 200}",24
93,2022-12-09,2023-12-11,2023-12-12,2024-01-11,252,21,1.11622700637412,"{""formation"": 252, ""weighting"": ""raw"", ""ma_filter"": false, ""ma_length"": 200}",24
94,2023-01-11,2024-01-11,2024-01-12,2024-02-12,252,21,1.3275482234532938,"{""formation"": 252, ""weighting"": ""raw"", ""ma_filter"": false, ""ma_length"": 200}",24
95,2023-02-10,2024-02-12,2024-02-13,2024-03-13,252,21,1.9993291729362306,"{""formation"": 252, ""weighting"": ""raw"", ""ma_filter"": false, ""ma_length"": 200}",24
96,2023-03-14,2024-03-13,2024-03-14,2024-04-12,252,21,2.6036915114155046,"{""formation"": 252, ""weighting"": ""raw"", ""ma_filter"": false, ""ma_length"": 200}",24
97,2023-04-13,2024-04-12,2024-04-15,2024-05-13,252,21,2.2501592750985533,"{""formation"": 252, ""weighting"": ""raw"", ""ma_filter"": false, ""ma_length"": 200}",24
98,2023-05-12,2024-05-13,2024-05-14,2024-06-12,252,21,2.127231312269269,"{""formation"": 252, ""weighting"": ""raw"", ""ma_filter"": false, ""ma_length"": 200}",24
99,2023-06-13,2024-06-12,2024-06-13,2024-07-15,252,21,1.9336293571860779,"{""formation"": 252, ""weighting"": ""raw"", ""ma_filter"": false, ""ma_length"": 200}",24
100,2023-07-14,2024-07-15,2024-07-16,2024-08-13,252,21,1.7838127479196308,"{""formation"": 252, ""weighting"": ""raw"", ""ma_filter"": false, ""ma_length"": 200}",24
101,2023-08-14,2024-08-13,2024-08-14,2024-09-12,252,21,1.5769419446041724,"{""formation"": 252, ""weighting"": ""inverse_vol"", ""ma_filter"": false, ""ma_length"": 200}",24
102,2023-09-13,2024-09-12,2024-09-13,2024-10-11,252,21,2.100520287337925,"{""formation"": 252, ""weighting"": ""inverse_var"", ""ma_filter"": false, ""ma_length"": 200}",24
103,2023-10-12,2024-10-11,2024-10-14,2024-11-11,252,21,2.6515380931641572,"{""formation"": 252, ""weighting"": ""inverse_var"", ""ma_filter"": false, ""ma_length"": 200}",24
104,2023-11-10,2024-11-11,2024-11-12,2024-12-11,252,21,2.930781524753974,"{""formation"": 252, ""weighting"": ""inverse_var"", ""ma_filter"": false, ""ma_length"": 200}",24
105,2023-12-12,2024-12-11,2024-12-12,2025-01-14,252,21,2.3019312285878772,"{""formation"": 252, ""weighting"": ""inverse_vol"", ""ma_filter"": false, ""ma_length"": 200}",24
106,2024-01-12,2025-01-14,2025-01-15,2025-02-13,252,21,1.8199305160597439,"{""formation"": 252, ""weighting"": ""raw"", ""ma_filter"": true, ""ma_length"": 200}",24
107,2024-02-13,2025-02-13,2025-02-14,2025-03-17,252,21,1.806466120872152,"{""formation"": 252, ""weighting"": ""inverse_var"", ""ma_filter"": false, ""ma_length"": 200}",24
108,2024-03-14,2025-03-17,2025-03-18,2025-04-15,252,21,0.9599047995578265,"{""formation"": 252, ""weighting"": ""inverse_var"", ""ma_filter"": false, ""ma_length"": 200}",24
109,2024-04-15,2025-04-15,2025-04-16,2025-05-15,252,21,0.7562013950180502,"{""formation"": 252, ""weighting"": ""inverse_var"", ""ma_filter"": false, ""ma_length"": 200}",24
110,2024-05-14,2025-05-15,2025-05-16,2025-06-16,252,21,0.7863673025588158,"{""formation"": 252, ""weighting"": ""inverse_var"", ""ma_filter"": false, ""ma_length"": 200}",24
111,2024-06-13,2025-06-16,2025-06-17,2025-07-17,252,21,0.7654348143064515,"{""formation"": 252, ""weighting"": ""inverse_var"", ""ma_filter"": false, ""ma_length"": 200}",24
112,2024-07-16,2025-07-17,2025-07-18,2025-08-15,252,21,0.6605902717721631,"{""formation"": 252, ""weighting"": ""inverse_var"", ""ma_filter"": false, ""ma_length"": 200}",24
113,2024-08-14,2025-08-15,2025-08-18,2025-09-16,252,21,0.8749138230602133,"{""formation"": 252, ""weighting"": ""inverse_var"", ""ma_filter"": false, ""ma_length"": 200}",24
114,2024-09-13,2025-09-16,2025-09-17,2025-10-15,252,21,0.9183679102173367,"{""formation"": 252, ""weighting"": ""raw"", ""ma_filter"": false, ""ma_length"": 200}",24
115,2024-10-14,2025-10-15,2025-10-16,2025-11-14,252,21,0.7750048615682331,"{""formation"": 252, ""weighting"": ""raw"", ""ma_filter"": false, ""ma_length"": 200}",24
116,2024-11-12,2025-11-14,2025-11-17,2025-12-16,252,21,0.6266138928209602,"{""formation"": 252, ""weighting"": ""raw"", ""ma_filter"": false, ""ma_length"": 200}",24
117,2024-12-12,2025-12-16,2025-12-17,2026-01-16,252,21,0.9017134930976513,"{""formation"": 252, ""weighting"": ""raw"", ""ma_filter"": false, ""ma_length"": 200}",24
118,2025-01-15,2026-01-16,2026-01-20,2026-02-18,252,21,1.4192302539527337,"{""formation"": 252, ""weighting"": ""raw"", ""ma_filter"": false, ""ma_length"": 200}",24
119,2025-02-14,2026-02-18,2026-02-19,2026-03-19,252,21,1.542602596065217,"{""formation"": 252, ""weighting"": ""raw"", ""ma_filter"": false, ""ma_length"": 200}",24
120,2025-03-18,2026-03-19,2026-03-20,2026-04-20,252,21,1.8575642700259978,"{""formation"": 126, ""weighting"": ""raw"", ""ma_filter"": true, ""ma_length"": 100}",24
121,2025-04-16,2026-04-20,2026-04-21,2026-05-19,252,21,2.83936253686351,"{""formation"": 252, ""weighting"": ""raw"", ""ma_filter"": false, ""ma_length"": 200}",24
122,2025-05-16,2026-05-19,2026-05-20,2026-06-18,252,21,2.5660056377238076,"{""formation"": 252, ""weighting"": ""raw"", ""ma_filter"": true, ""ma_length"": 200}",24
123,2025-06-17,2026-06-18,2026-06-22,2026-07-21,252,21,2.901169348434411,"{""formation"": 252, ""weighting"": ""raw"", ""ma_filter"": true, ""ma_length"": 200}",24
124,2025-07-18,2026-07-21,2026-07-22,2026-08-20,252,21,2.0812034338513787,"{""formation"": 252, ""weighting"": ""raw"", ""ma_filter"": true, ""ma_length"": 200}",24
